This is pdfTeX, Version 3.141592653-2.6-1.40.28 (TeX Live 2025) (preloaded format=pdflatex 2025.6.30)  12 AUG 2026 15:03
entering extended mode
 restricted \write18 enabled.
 file:line:error style messages enabled.
 %&-line parsing enabled.
**/nfs/freenas/tuph/e18/project/prm/mleibelt/AMBER_Repo/AMBER_RadCor/Masterarbeit/main.tex
(/nfs/freenas/tuph/e18/project/prm/mleibelt/AMBER_Repo/AMBER_RadCor/Masterarbeit/main.tex
LaTeX2e <2025-06-01> patch level 1
L3 programming layer <2025-06-09>
(/cvmfs/sft.cern.ch/lcg/external/texlive/2025/texmf-dist/tex/latex/nag/nag.sty
Package: nag 2011/11/25 0.7 warning about old commands (ulmi)
\c@nag@c=\count275
\c@nag@sins=\count276
Package nag Info: Loaded nag-l2tabu.cfg  on input line 552.
 (/cvmfs/sft.cern.ch/lcg/external/texlive/2025/texmf-dist/tex/latex/nag/nag-l2tabu.cfg
File: nag-l2tabu.cfg 2010/05/17 v2.11 l2tabu rules for nag.sty (ulmi)
)
Package nag Info: Loaded nag-orthodox.cfg  on input line 552.
 (/cvmfs/sft.cern.ch/lcg/external/texlive/2025/texmf-dist/tex/latex/nag/nag-orthodox.cfg
File: nag-orthodox.cfg 2006/04/19 v1.8 strict rules for nag.sty (ulmi)
)) (/cvmfs/sft.cern.ch/lcg/external/texlive/2025/texmf-dist/tex/latex/koma-script/scrbook.cls
Document Class: scrbook 2025/06/04 v3.45 KOMA-Script document class (book)
(/cvmfs/sft.cern.ch/lcg/external/texlive/2025/texmf-dist/tex/latex/koma-script/scrkbase.sty
Package: scrkbase 2025/06/04 v3.45 KOMA-Script package (KOMA-Script-dependent basics and keyval usage)
 (/cvmfs/sft.cern.ch/lcg/external/texlive/2025/texmf-dist/tex/latex/koma-script/scrbase.sty
Package: scrbase 2025/06/04 v3.45 KOMA-Script package (KOMA-Script-independent basics and keyval usage)
 (/cvmfs/sft.cern.ch/lcg/external/texlive/2025/texmf-dist/tex/latex/koma-script/scrlfile.sty
Package: scrlfile 2025/06/04 v3.45 KOMA-Script package (file load hooks)
 (/cvmfs/sft.cern.ch/lcg/external/texlive/2025/texmf-dist/tex/latex/koma-script/scrlfile-hook.sty
Package: scrlfile-hook 2025/06/04 v3.45 KOMA-Script package (using LaTeX hooks)
 (/cvmfs/sft.cern.ch/lcg/external/texlive/2025/texmf-dist/tex/latex/koma-script/scrlogo.sty
Package: scrlogo 2025/06/04 v3.45 KOMA-Script package (logo)
))) (/cvmfs/sft.cern.ch/lcg/external/texlive/2025/texmf-dist/tex/latex/graphics/keyval.sty
Package: keyval 2022/05/29 v1.15 key=value parser (DPC)
\KV@toks@=\toks17
)
Applying: [2021/05/01] Usage of raw or classic option list on input line 254.
Already applied: [0000/00/00] Usage of raw or classic option list on input line 370.
)) (/cvmfs/sft.cern.ch/lcg/external/texlive/2025/texmf-dist/tex/latex/koma-script/tocbasic.sty
Package: tocbasic 2025/06/04 v3.45 KOMA-Script package (handling toc-files)
\scr@dte@tocline@numberwidth=\skip49
\scr@dte@tocline@numbox=\box53
)
Package tocbasic Info: omitting babel extension for `toc'
(tocbasic)             because of feature `nobabel' available
(tocbasic)             for `toc' on input line 137.
Class scrbook Info: You've used standard option `oneside'.
(scrbook)           This is correct!
(scrbook)           Internally I'm using `twoside=false'.
(scrbook)           If you'd like to set the option with \KOMAoptions,
(scrbook)           you'd have to use `twoside=false' there
(scrbook)           instead of `oneside', too.
Class scrbook Info: File `scrsize11pt.clo' used to setup font sizes on input line 2700.
 (/cvmfs/sft.cern.ch/lcg/external/texlive/2025/texmf-dist/tex/latex/koma-script/scrsize11pt.clo
File: scrsize11pt.clo 2025/06/04 v3.45 KOMA-Script font size class option (11pt)
) (/cvmfs/sft.cern.ch/lcg/external/texlive/2025/texmf-dist/tex/latex/koma-script/typearea.sty
Package: typearea 2025/06/04 v3.45 KOMA-Script package (type area)
\ta@bcor=\skip50
\ta@div=\count277
Package typearea Info: You've used standard option `oneside'.
(typearea)             This is correct!
(typearea)             Internally I'm using `twoside=false'.
(typearea)             If you'd like to set the option with \KOMAoptions,
(typearea)             you'd have to use `twoside=false' there
(typearea)             instead of `oneside', too.
\ta@hblk=\skip51
\ta@vblk=\skip52
\ta@temp=\skip53
\footheight=\skip54
Package typearea Info: These are the values describing the layout:
(typearea)             DIV  = 12
(typearea)             BCOR = 0.0pt
(typearea)             \paperwidth      = 597.50793pt
(typearea)              \textwidth      = 448.13095pt
(typearea)              DIV departure   = -14%
(typearea)              \evensidemargin = 2.4185pt
(typearea)              \oddsidemargin  = 2.4185pt
(typearea)             \paperheight     = 845.04694pt
(typearea)              \textheight     = 609.40027pt
(typearea)              \topmargin      = -1.84941pt
(typearea)              \headheight     = 17.0pt
(typearea)              \headsep        = 20.40001pt
(typearea)              \topskip        = 11.0pt
(typearea)              \footskip       = 47.6pt
(typearea)              \baselineskip   = 13.6pt
(typearea)              on input line 1804.
)
\c@part=\count278
\c@chapter=\count279
\c@section=\count280
\c@subsection=\count281
\c@subsubsection=\count282
\c@paragraph=\count283
\c@subparagraph=\count284
\scr@dte@chapter@maxnumwidth=\skip55
Class scrbook Info: using compatibility default `afterindent=bysign'
(scrbook)           for `\chapter on input line 6032.
\scr@dte@section@maxnumwidth=\skip56
Class scrbook Info: using compatibility default `runin=bysign'
(scrbook)           for `\section on input line 6043.
Class scrbook Info: using compatibility default `afterindent=bysign'
(scrbook)           for `\section on input line 6043.
\scr@dte@part@maxnumwidth=\skip57
Class scrbook Info: using compatibility default `afterindent=true'
(scrbook)           for `\part on input line 6052.
\scr@dte@subsection@maxnumwidth=\skip58
Class scrbook Info: using compatibility default `runin=bysign'
(scrbook)           for `\subsection on input line 6062.
Class scrbook Info: using compatibility default `afterindent=bysign'
(scrbook)           for `\subsection on input line 6062.
\scr@dte@subsubsection@maxnumwidth=\skip59
Class scrbook Info: using compatibility default `runin=bysign'
(scrbook)           for `\subsubsection on input line 6072.
Class scrbook Info: using compatibility default `afterindent=bysign'
(scrbook)           for `\subsubsection on input line 6072.
\scr@dte@paragraph@maxnumwidth=\skip60
Class scrbook Info: using compatibility default `runin=bysign'
(scrbook)           for `\paragraph on input line 6083.
Class scrbook Info: using compatibility default `afterindent=bysign'
(scrbook)           for `\paragraph on input line 6083.
\scr@dte@subparagraph@maxnumwidth=\skip61
Class scrbook Info: using compatibility default `runin=bysign'
(scrbook)           for `\subparagraph on input line 6093.
Class scrbook Info: using compatibility default `afterindent=bysign'
(scrbook)           for `\subparagraph on input line 6093.
\abovecaptionskip=\skip62
\belowcaptionskip=\skip63
\c@pti@nb@sid@b@x=\box54
Package tocbasic Info: omitting babel extension for `lof'
(tocbasic)             because of feature `nobabel' available
(tocbasic)             for `lof' on input line 7302.
\scr@dte@figure@maxnumwidth=\skip64
\c@figure=\count285
Package tocbasic Info: omitting babel extension for `lot'
(tocbasic)             because of feature `nobabel' available
(tocbasic)             for `lot' on input line 7319.
\scr@dte@table@maxnumwidth=\skip65
\c@table=\count286
Class scrbook Info: Redefining `\numberline' on input line 7490.
\bibindent=\dimen148
) (./settings.tex (/cvmfs/sft.cern.ch/lcg/external/texlive/2025/texmf-dist/tex/latex/base/inputenc.sty
Package: inputenc 2024/02/08 v1.3d Input encoding file
\inpenc@prehook=\toks18
\inpenc@posthook=\toks19
) (/cvmfs/sft.cern.ch/lcg/external/texlive/2025/texmf-dist/tex/latex/base/fontenc.sty
Package: fontenc 2024/12/21 v2.1c Standard LaTeX package
) (/cvmfs/sft.cern.ch/lcg/external/texlive/2025/texmf-dist/tex/latex/psnfss/mathpazo.sty
Package: mathpazo 2020/03/25 PSNFSS-v9.3 Palatino w/ Pazo Math (D.Puga, WaS) 
\symupright=\mathgroup4
) (/cvmfs/sft.cern.ch/lcg/external/texlive/2025/texmf-dist/tex/generic/babel/babel.sty
Package: babel 2025/06/10 v25.10 The multilingual framework for pdfLaTeX, LuaLaTeX and XeLaTeX
\babel@savecnt=\count287
LaTeX Encoding Info:    Redeclaring text command \ij (encoding OT1) on input line 2043.
LaTeX Encoding Info:    Redeclaring text command \IJ (encoding OT1) on input line 2045.
LaTeX Encoding Info:    Redeclaring text command \ij (encoding T1) on input line 2047.
LaTeX Encoding Info:    Redeclaring text command \IJ (encoding T1) on input line 2048.
LaTeX Encoding Info:    Ignoring declaration for text command \ij (encoding ?) on input line 2049.
LaTeX Encoding Info:    Ignoring declaration for text command \IJ (encoding ?) on input line 2051.
LaTeX Encoding Info:    Ignoring declaration for text command \SS (encoding ?) on input line 2076.
\U@D=\dimen149
\l@unhyphenated=\language90
 (/cvmfs/sft.cern.ch/lcg/external/texlive/2025/texmf-dist/tex/generic/babel/txtbabel.def)
\bbl@readstream=\read2
\bbl@dirlevel=\count288
 (/cvmfs/sft.cern.ch/lcg/external/texlive/2025/texmf-dist/tex/generic/babel-english/english.ldf
Language: english 2017/06/06 v3.3r English support from the babel system
 (/cvmfs/sft.cern.ch/lcg/external/texlive/2025/texmf-dist/tex/generic/babel/locale/en/babel-english.tex
Package babel Info: Importing font and identification data for english
(babel)             from babel-en.ini. Reported on input line 11.
)
Package babel Info: Hyphen rules for 'canadian' set to \l@english
(babel)             (\language0). Reported on input line 102.
Package babel Info: Hyphen rules for 'australian' set to \l@ukenglish
(babel)             (\language22). Reported on input line 105.
Package babel Info: Hyphen rules for 'newzealand' set to \l@ukenglish
(babel)             (\language22). Reported on input line 108.
)) (/cvmfs/sft.cern.ch/lcg/external/texlive/2025/texmf-dist/tex/latex/csquotes/csquotes.sty
Package: csquotes 2024-04-04 v5.2o context-sensitive quotations (JAW)
 (/cvmfs/sft.cern.ch/lcg/external/texlive/2025/texmf-dist/tex/latex/etoolbox/etoolbox.sty
Package: etoolbox 2025/02/11 v2.5l e-TeX tools for LaTeX (JAW)
\etb@tempcnta=\count289
)
\csq@reset=\count290
\csq@gtype=\count291
\csq@glevel=\count292
\csq@qlevel=\count293
\csq@maxlvl=\count294
\csq@tshold=\count295
\csq@ltx@everypar=\toks20
 (/cvmfs/sft.cern.ch/lcg/external/texlive/2025/texmf-dist/tex/latex/csquotes/csquotes.def
File: csquotes.def 2024-04-04 v5.2o csquotes generic definitions (JAW)
)
Package csquotes Info: Trying to load configuration file 'csquotes.cfg'...
Package csquotes Info: ... configuration file loaded successfully.
 (/cvmfs/sft.cern.ch/lcg/external/texlive/2025/texmf-dist/tex/latex/csquotes/csquotes.cfg
File: csquotes.cfg 
)
Package csquotes Info: Enabling multilingual quotes.
) (/cvmfs/sft.cern.ch/lcg/external/texlive/2025/texmf-dist/tex/latex/biblatex/biblatex.sty
Package: biblatex 2024/03/21 v3.20 programmable bibliographies (PK/MW)
 (/cvmfs/sft.cern.ch/lcg/external/texlive/2025/texmf-dist/tex/generic/pdftexcmds/pdftexcmds.sty
Package: pdftexcmds 2020-06-27 v0.33 Utility functions of pdfTeX for LuaTeX (HO)
 (/cvmfs/sft.cern.ch/lcg/external/texlive/2025/texmf-dist/tex/generic/infwarerr/infwarerr.sty
Package: infwarerr 2019/12/03 v1.5 Providing info/warning/error messages (HO)
) (/cvmfs/sft.cern.ch/lcg/external/texlive/2025/texmf-dist/tex/generic/iftex/iftex.sty
Package: iftex 2024/12/12 v1.0g TeX engine tests
) (/cvmfs/sft.cern.ch/lcg/external/texlive/2025/texmf-dist/tex/generic/ltxcmds/ltxcmds.sty
Package: ltxcmds 2023-12-04 v1.26 LaTeX kernel commands for general use (HO)
)
Package pdftexcmds Info: \pdf@primitive is available.
Package pdftexcmds Info: \pdf@ifprimitive is available.
Package pdftexcmds Info: \pdfdraftmode found.
) (/cvmfs/sft.cern.ch/lcg/external/texlive/2025/texmf-dist/tex/latex/kvoptions/kvoptions.sty
Package: kvoptions 2022-06-15 v3.15 Key value format for package options (HO)
 (/cvmfs/sft.cern.ch/lcg/external/texlive/2025/texmf-dist/tex/latex/kvsetkeys/kvsetkeys.sty
Package: kvsetkeys 2022-10-05 v1.19 Key value parser (HO)
)) (/cvmfs/sft.cern.ch/lcg/external/texlive/2025/texmf-dist/tex/latex/logreq/logreq.sty
Package: logreq 2010/08/04 v1.0 xml request logger
\lrq@indent=\count296
 (/cvmfs/sft.cern.ch/lcg/external/texlive/2025/texmf-dist/tex/latex/logreq/logreq.def
File: logreq.def 2010/08/04 v1.0 logreq spec v1.0
)) (/cvmfs/sft.cern.ch/lcg/external/texlive/2025/texmf-dist/tex/latex/base/ifthen.sty
Package: ifthen 2024/03/16 v1.1e Standard LaTeX ifthen package (DPC)
) (/cvmfs/sft.cern.ch/lcg/external/texlive/2025/texmf-dist/tex/latex/url/url.sty
\Urlmuskip=\muskip17
Package: url 2013/09/16  ver 3.4  Verb mode for urls, etc.
)
\c@tabx@nest=\count297
\c@listtotal=\count298
\c@listcount=\count299
\c@liststart=\count300
\c@liststop=\count301
\c@citecount=\count302
\c@citetotal=\count303
\c@multicitecount=\count304
\c@multicitetotal=\count305
\c@instcount=\count306
\c@maxnames=\count307
\c@minnames=\count308
\c@maxitems=\count309
\c@minitems=\count310
\c@citecounter=\count311
\c@maxcitecounter=\count312
\c@savedcitecounter=\count313
\c@uniquelist=\count314
\c@uniquename=\count315
\c@refsection=\count316
\c@refsegment=\count317
\c@maxextratitle=\count318
\c@maxextratitleyear=\count319
\c@maxextraname=\count320
\c@maxextradate=\count321
\c@maxextraalpha=\count322
\c@abbrvpenalty=\count323
\c@highnamepenalty=\count324
\c@lownamepenalty=\count325
\c@maxparens=\count326
\c@parenlevel=\count327
\blx@tempcnta=\count328
\blx@tempcntb=\count329
\blx@tempcntc=\count330
\c@blx@maxsection=\count331
\blx@maxsegment@0=\count332
\blx@notetype=\count333
\blx@parenlevel@text=\count334
\blx@parenlevel@foot=\count335
\blx@sectionciteorder@0=\count336
\blx@sectionciteorderinternal@0=\count337
\blx@entrysetcounter=\count338
\blx@biblioinstance=\count339
\labelnumberwidth=\skip66
\labelalphawidth=\skip67
\biblabelsep=\skip68
\bibitemsep=\skip69
\bibnamesep=\skip70
\bibinitsep=\skip71
\bibparsep=\skip72
\bibhang=\skip73
\blx@bcfin=\read3
\blx@bcfout=\write3
\blx@langwohyphens=\language91
\c@mincomprange=\count340
\c@maxcomprange=\count341
\c@mincompwidth=\count342
Package biblatex Info: Trying to load biblatex default data model...
Package biblatex Info: ... file 'blx-dm.def' found.
 (/cvmfs/sft.cern.ch/lcg/external/texlive/2025/texmf-dist/tex/latex/biblatex/blx-dm.def
File: blx-dm.def 2024/03/21 v3.20 biblatex datamodel (PK/MW)
)
Package biblatex Info: Trying to load biblatex style data model...
Package biblatex Info: ... file 'numeric-comp.dbx' not found.
Package biblatex Info: Trying to load biblatex custom data model...
Package biblatex Info: ... file 'biblatex-dm.cfg' not found.
\c@afterword=\count343
\c@savedafterword=\count344
\c@annotator=\count345
\c@savedannotator=\count346
\c@author=\count347
\c@savedauthor=\count348
\c@bookauthor=\count349
\c@savedbookauthor=\count350
\c@commentator=\count351
\c@savedcommentator=\count352
\c@editor=\count353
\c@savededitor=\count354
\c@editora=\count355
\c@savededitora=\count356
\c@editorb=\count357
\c@savededitorb=\count358
\c@editorc=\count359
\c@savededitorc=\count360
\c@foreword=\count361
\c@savedforeword=\count362
\c@holder=\count363
\c@savedholder=\count364
\c@introduction=\count365
\c@savedintroduction=\count366
\c@namea=\count367
\c@savednamea=\count368
\c@nameb=\count369
\c@savednameb=\count370
\c@namec=\count371
\c@savednamec=\count372
\c@translator=\count373
\c@savedtranslator=\count374
\c@shortauthor=\count375
\c@savedshortauthor=\count376
\c@shorteditor=\count377
\c@savedshorteditor=\count378
\c@labelname=\count379
\c@savedlabelname=\count380
\c@institution=\count381
\c@savedinstitution=\count382
\c@lista=\count383
\c@savedlista=\count384
\c@listb=\count385
\c@savedlistb=\count386
\c@listc=\count387
\c@savedlistc=\count388
\c@listd=\count389
\c@savedlistd=\count390
\c@liste=\count391
\c@savedliste=\count392
\c@listf=\count393
\c@savedlistf=\count394
\c@location=\count395
\c@savedlocation=\count396
\c@organization=\count397
\c@savedorganization=\count398
\c@origlocation=\count399
\c@savedoriglocation=\count400
\c@origpublisher=\count401
\c@savedorigpublisher=\count402
\c@publisher=\count403
\c@savedpublisher=\count404
\c@language=\count405
\c@savedlanguage=\count406
\c@origlanguage=\count407
\c@savedoriglanguage=\count408
\c@pageref=\count409
\c@savedpageref=\count410
\shorthandwidth=\skip74
\shortjournalwidth=\skip75
\shortserieswidth=\skip76
\shorttitlewidth=\skip77
\shortauthorwidth=\skip78
\shorteditorwidth=\skip79
\locallabelnumberwidth=\skip80
\locallabelalphawidth=\skip81
\localshorthandwidth=\skip82
\localshortjournalwidth=\skip83
\localshortserieswidth=\skip84
\localshorttitlewidth=\skip85
\localshortauthorwidth=\skip86
\localshorteditorwidth=\skip87
Package biblatex Info: Trying to load compatibility code...
Package biblatex Info: ... file 'blx-compat.def' found.
 (/cvmfs/sft.cern.ch/lcg/external/texlive/2025/texmf-dist/tex/latex/biblatex/blx-compat.def
File: blx-compat.def 2024/03/21 v3.20 biblatex compatibility (PK/MW)
)
Package biblatex Info: Trying to load generic definitions...
Package biblatex Info: ... file 'biblatex.def' found.
 (/cvmfs/sft.cern.ch/lcg/external/texlive/2025/texmf-dist/tex/latex/biblatex/biblatex.def
File: biblatex.def 2024/03/21 v3.20 biblatex compatibility (PK/MW)
\c@textcitecount=\count411
\c@textcitetotal=\count412
\c@textcitemaxnames=\count413
\c@biburlbigbreakpenalty=\count414
\c@biburlbreakpenalty=\count415
\c@biburlnumpenalty=\count416
\c@biburlucpenalty=\count417
\c@biburllcpenalty=\count418
\biburlbigskip=\muskip18
\biburlnumskip=\muskip19
\biburlucskip=\muskip20
\biburllcskip=\muskip21
\c@smartand=\count419
)
Package biblatex Info: Trying to load bibliography style 'numeric-comp'...
Package biblatex Info: ... file 'numeric-comp.bbx' found.
 (/cvmfs/sft.cern.ch/lcg/external/texlive/2025/texmf-dist/tex/latex/biblatex/bbx/numeric-comp.bbx
File: numeric-comp.bbx 2024/03/21 v3.20 biblatex bibliography style (PK/MW)
Package biblatex Info: Trying to load bibliography style 'numeric'...
Package biblatex Info: ... file 'numeric.bbx' found.
 (/cvmfs/sft.cern.ch/lcg/external/texlive/2025/texmf-dist/tex/latex/biblatex/bbx/numeric.bbx
File: numeric.bbx 2024/03/21 v3.20 biblatex bibliography style (PK/MW)
Package biblatex Info: Trying to load bibliography style 'standard'...
Package biblatex Info: ... file 'standard.bbx' found.
 (/cvmfs/sft.cern.ch/lcg/external/texlive/2025/texmf-dist/tex/latex/biblatex/bbx/standard.bbx
File: standard.bbx 2024/03/21 v3.20 biblatex bibliography style (PK/MW)
\c@bbx:relatedcount=\count420
\c@bbx:relatedtotal=\count421
)))
Package biblatex Info: Trying to load citation style 'numeric-comp'...
Package biblatex Info: ... file 'numeric-comp.cbx' found.
 (/cvmfs/sft.cern.ch/lcg/external/texlive/2025/texmf-dist/tex/latex/biblatex/cbx/numeric-comp.cbx
File: numeric-comp.cbx 2024/03/21 v3.20 biblatex citation style (PK/MW)
\c@cbx@tempcnta=\count422
\c@cbx@tempcntb=\count423
\c@cbx@tempcntc=\count424
\c@cbx@tempcntd=\count425
Package biblatex Info: Redefining '\cite'.
Package biblatex Info: Redefining '\parencite'.
Package biblatex Info: Redefining '\footcite'.
Package biblatex Info: Redefining '\footcitetext'.
Package biblatex Info: Redefining '\smartcite'.
Package biblatex Info: Redefining '\supercite'.
Package biblatex Info: Redefining '\textcite'.
Package biblatex Info: Redefining '\textcites'.
Package biblatex Info: Redefining '\cites'.
Package biblatex Info: Redefining '\parencites'.
Package biblatex Info: Redefining '\smartcites'.
)
Package biblatex Info: Trying to load configuration file...
Package biblatex Info: ... file 'biblatex.cfg' found.
 (/cvmfs/sft.cern.ch/lcg/external/texlive/2025/texmf-dist/tex/latex/biblatex/biblatex.cfg
File: biblatex.cfg 
)
Package biblatex Info: Input encoding 'utf8' detected.
Package biblatex Info: Document encoding is UTF8 ....
 (/cvmfs/sft.cern.ch/lcg/external/texlive/2025/texmf-dist/tex/latex/l3kernel/expl3.sty
Package: expl3 2025-06-09 L3 programming layer (loader) 
 (/cvmfs/sft.cern.ch/lcg/external/texlive/2025/texmf-dist/tex/latex/l3backend/l3backend-pdftex.def
File: l3backend-pdftex.def 2025-06-09 L3 backend support: PDF output (pdfTeX)
\l__color_backend_stack_int=\count426
))
Package biblatex Info: ... and expl3
(biblatex)             2025-06-09 L3 programming layer (loader) 
(biblatex)             is new enough (at least 2020/04/06),
(biblatex)             setting 'casechanger=expl3'.
 (/cvmfs/sft.cern.ch/lcg/external/texlive/2025/texmf-dist/tex/latex/biblatex/blx-case-expl3.sty (/cvmfs/sft.cern.ch/lcg/external/texlive/2025/texmf-dist/tex/latex/l3packages/xparse/xparse.sty
Package: xparse 2024-08-16 L3 Experimental document command parser
)
Package: blx-case-expl3 2024/03/21 v3.20 expl3 case changing code for biblatex
)) (/cvmfs/sft.cern.ch/lcg/external/texlive/2025/texmf-dist/tex/latex/greek-fontenc/textalpha.sty
Package: textalpha 2023-09-12 2.5 macros for Greek letters in text
 (/cvmfs/sft.cern.ch/lcg/external/texlive/2025/texmf-dist/tex/latex/greek-fontenc/lgrenc.def
File: lgrenc.def 2023-09-12 2.5 LGR Greek font encoding definitions
Now handling font encoding LGR ...
... processing UTF-8 mapping file for font encoding LGR
 (/cvmfs/sft.cern.ch/lcg/external/texlive/2025/texmf-dist/tex/latex/greek-inputenc/lgrenc.dfu
File: lgrenc.dfu 2023-03-21 1.9 UTF-8 support for Greek
   defining Unicode char U+00A8 (decimal 168)
   defining Unicode char U+00AB (decimal 171)
   defining Unicode char U+00AF (decimal 175)
   defining Unicode char U+00B4 (decimal 180)
   defining Unicode char U+00B7 (decimal 183)
   defining Unicode char U+00BB (decimal 187)
   defining Unicode char U+0259 (decimal 601)
   defining Unicode char U+02D8 (decimal 728)
   defining Unicode char U+0374 (decimal 884)
   defining Unicode char U+0375 (decimal 885)
   defining Unicode char U+037A (decimal 890)
   defining Unicode char U+037E (decimal 894)
   defining Unicode char U+0384 (decimal 900)
   defining Unicode char U+0385 (decimal 901)
   defining Unicode char U+0386 (decimal 902)
   defining Unicode char U+0387 (decimal 903)
   defining Unicode char U+0388 (decimal 904)
   defining Unicode char U+0389 (decimal 905)
   defining Unicode char U+038A (decimal 906)
   defining Unicode char U+038C (decimal 908)
   defining Unicode char U+038E (decimal 910)
   defining Unicode char U+038F (decimal 911)
   defining Unicode char U+0390 (decimal 912)
   defining Unicode char U+0391 (decimal 913)
   defining Unicode char U+0392 (decimal 914)
   defining Unicode char U+0393 (decimal 915)
   defining Unicode char U+0394 (decimal 916)
   defining Unicode char U+0395 (decimal 917)
   defining Unicode char U+0396 (decimal 918)
   defining Unicode char U+0397 (decimal 919)
   defining Unicode char U+0398 (decimal 920)
   defining Unicode char U+0399 (decimal 921)
   defining Unicode char U+039A (decimal 922)
   defining Unicode char U+039B (decimal 923)
   defining Unicode char U+039C (decimal 924)
   defining Unicode char U+039D (decimal 925)
   defining Unicode char U+039E (decimal 926)
   defining Unicode char U+039F (decimal 927)
   defining Unicode char U+03A0 (decimal 928)
   defining Unicode char U+03A1 (decimal 929)
   defining Unicode char U+03A3 (decimal 931)
   defining Unicode char U+03A4 (decimal 932)
   defining Unicode char U+03A5 (decimal 933)
   defining Unicode char U+03A6 (decimal 934)
   defining Unicode char U+03A7 (decimal 935)
   defining Unicode char U+03A8 (decimal 936)
   defining Unicode char U+03A9 (decimal 937)
   defining Unicode char U+03AA (decimal 938)
   defining Unicode char U+03AB (decimal 939)
   defining Unicode char U+03AC (decimal 940)
   defining Unicode char U+03AD (decimal 941)
   defining Unicode char U+03AE (decimal 942)
   defining Unicode char U+03AF (decimal 943)
   defining Unicode char U+03B0 (decimal 944)
   defining Unicode char U+03B1 (decimal 945)
   defining Unicode char U+03B2 (decimal 946)
   defining Unicode char U+03B3 (decimal 947)
   defining Unicode char U+03B4 (decimal 948)
   defining Unicode char U+03B5 (decimal 949)
   defining Unicode char U+03B6 (decimal 950)
   defining Unicode char U+03B7 (decimal 951)
   defining Unicode char U+03B8 (decimal 952)
   defining Unicode char U+03B9 (decimal 953)
   defining Unicode char U+03BA (decimal 954)
   defining Unicode char U+03BB (decimal 955)
   defining Unicode char U+03BC (decimal 956)
   defining Unicode char U+03BD (decimal 957)
   defining Unicode char U+03BE (decimal 958)
   defining Unicode char U+03BF (decimal 959)
   defining Unicode char U+03C0 (decimal 960)
   defining Unicode char U+03C1 (decimal 961)
   defining Unicode char U+03C2 (decimal 962)
   defining Unicode char U+03C3 (decimal 963)
   defining Unicode char U+03C4 (decimal 964)
   defining Unicode char U+03C5 (decimal 965)
   defining Unicode char U+03C6 (decimal 966)
   defining Unicode char U+03C7 (decimal 967)
   defining Unicode char U+03C8 (decimal 968)
   defining Unicode char U+03C9 (decimal 969)
   defining Unicode char U+03CA (decimal 970)
   defining Unicode char U+03CB (decimal 971)
   defining Unicode char U+03CC (decimal 972)
   defining Unicode char U+03CD (decimal 973)
   defining Unicode char U+03CE (decimal 974)
   defining Unicode char U+03D0 (decimal 976)
   defining Unicode char U+03D1 (decimal 977)
   defining Unicode char U+03D5 (decimal 981)
   defining Unicode char U+03D6 (decimal 982)
   defining Unicode char U+03D8 (decimal 984)
   defining Unicode char U+03D9 (decimal 985)
   defining Unicode char U+03DA (decimal 986)
   defining Unicode char U+03DB (decimal 987)
   defining Unicode char U+03DC (decimal 988)
   defining Unicode char U+03DD (decimal 989)
   defining Unicode char U+03DE (decimal 990)
   defining Unicode char U+03DF (decimal 991)
   defining Unicode char U+03E0 (decimal 992)
   defining Unicode char U+03E1 (decimal 993)
   defining Unicode char U+03F0 (decimal 1008)
   defining Unicode char U+03F1 (decimal 1009)
   defining Unicode char U+03F4 (decimal 1012)
   defining Unicode char U+03F5 (decimal 1013)
   defining Unicode char U+1F00 (decimal 7936)
   defining Unicode char U+1F01 (decimal 7937)
   defining Unicode char U+1F02 (decimal 7938)
   defining Unicode char U+1F03 (decimal 7939)
   defining Unicode char U+1F04 (decimal 7940)
   defining Unicode char U+1F05 (decimal 7941)
   defining Unicode char U+1F06 (decimal 7942)
   defining Unicode char U+1F07 (decimal 7943)
   defining Unicode char U+1F08 (decimal 7944)
   defining Unicode char U+1F09 (decimal 7945)
   defining Unicode char U+1F0A (decimal 7946)
   defining Unicode char U+1F0B (decimal 7947)
   defining Unicode char U+1F0C (decimal 7948)
   defining Unicode char U+1F0D (decimal 7949)
   defining Unicode char U+1F0E (decimal 7950)
   defining Unicode char U+1F0F (decimal 7951)
   defining Unicode char U+1F10 (decimal 7952)
   defining Unicode char U+1F11 (decimal 7953)
   defining Unicode char U+1F12 (decimal 7954)
   defining Unicode char U+1F13 (decimal 7955)
   defining Unicode char U+1F14 (decimal 7956)
   defining Unicode char U+1F15 (decimal 7957)
   defining Unicode char U+1F18 (decimal 7960)
   defining Unicode char U+1F19 (decimal 7961)
   defining Unicode char U+1F1A (decimal 7962)
   defining Unicode char U+1F1B (decimal 7963)
   defining Unicode char U+1F1C (decimal 7964)
   defining Unicode char U+1F1D (decimal 7965)
   defining Unicode char U+1F20 (decimal 7968)
   defining Unicode char U+1F21 (decimal 7969)
   defining Unicode char U+1F22 (decimal 7970)
   defining Unicode char U+1F23 (decimal 7971)
   defining Unicode char U+1F24 (decimal 7972)
   defining Unicode char U+1F25 (decimal 7973)
   defining Unicode char U+1F26 (decimal 7974)
   defining Unicode char U+1F27 (decimal 7975)
   defining Unicode char U+1F28 (decimal 7976)
   defining Unicode char U+1F29 (decimal 7977)
   defining Unicode char U+1F2A (decimal 7978)
   defining Unicode char U+1F2B (decimal 7979)
   defining Unicode char U+1F2C (decimal 7980)
   defining Unicode char U+1F2D (decimal 7981)
   defining Unicode char U+1F2E (decimal 7982)
   defining Unicode char U+1F2F (decimal 7983)
   defining Unicode char U+1F30 (decimal 7984)
   defining Unicode char U+1F31 (decimal 7985)
   defining Unicode char U+1F32 (decimal 7986)
   defining Unicode char U+1F33 (decimal 7987)
   defining Unicode char U+1F34 (decimal 7988)
   defining Unicode char U+1F35 (decimal 7989)
   defining Unicode char U+1F36 (decimal 7990)
   defining Unicode char U+1F37 (decimal 7991)
   defining Unicode char U+1F38 (decimal 7992)
   defining Unicode char U+1F39 (decimal 7993)
   defining Unicode char U+1F3A (decimal 7994)
   defining Unicode char U+1F3B (decimal 7995)
   defining Unicode char U+1F3C (decimal 7996)
   defining Unicode char U+1F3D (decimal 7997)
   defining Unicode char U+1F3E (decimal 7998)
   defining Unicode char U+1F3F (decimal 7999)
   defining Unicode char U+1F40 (decimal 8000)
   defining Unicode char U+1F41 (decimal 8001)
   defining Unicode char U+1F42 (decimal 8002)
   defining Unicode char U+1F43 (decimal 8003)
   defining Unicode char U+1F44 (decimal 8004)
   defining Unicode char U+1F45 (decimal 8005)
   defining Unicode char U+1F48 (decimal 8008)
   defining Unicode char U+1F49 (decimal 8009)
   defining Unicode char U+1F4A (decimal 8010)
   defining Unicode char U+1F4B (decimal 8011)
   defining Unicode char U+1F4C (decimal 8012)
   defining Unicode char U+1F4D (decimal 8013)
   defining Unicode char U+1F50 (decimal 8016)
   defining Unicode char U+1F51 (decimal 8017)
   defining Unicode char U+1F52 (decimal 8018)
   defining Unicode char U+1F53 (decimal 8019)
   defining Unicode char U+1F54 (decimal 8020)
   defining Unicode char U+1F55 (decimal 8021)
   defining Unicode char U+1F56 (decimal 8022)
   defining Unicode char U+1F57 (decimal 8023)
   defining Unicode char U+1F59 (decimal 8025)
   defining Unicode char U+1F5B (decimal 8027)
   defining Unicode char U+1F5D (decimal 8029)
   defining Unicode char U+1F5F (decimal 8031)
   defining Unicode char U+1F60 (decimal 8032)
   defining Unicode char U+1F61 (decimal 8033)
   defining Unicode char U+1F62 (decimal 8034)
   defining Unicode char U+1F63 (decimal 8035)
   defining Unicode char U+1F64 (decimal 8036)
   defining Unicode char U+1F65 (decimal 8037)
   defining Unicode char U+1F66 (decimal 8038)
   defining Unicode char U+1F67 (decimal 8039)
   defining Unicode char U+1F68 (decimal 8040)
   defining Unicode char U+1F69 (decimal 8041)
   defining Unicode char U+1F6A (decimal 8042)
   defining Unicode char U+1F6B (decimal 8043)
   defining Unicode char U+1F6C (decimal 8044)
   defining Unicode char U+1F6D (decimal 8045)
   defining Unicode char U+1F6E (decimal 8046)
   defining Unicode char U+1F6F (decimal 8047)
   defining Unicode char U+1F70 (decimal 8048)
   defining Unicode char U+1F71 (decimal 8049)
   defining Unicode char U+1F72 (decimal 8050)
   defining Unicode char U+1F73 (decimal 8051)
   defining Unicode char U+1F74 (decimal 8052)
   defining Unicode char U+1F75 (decimal 8053)
   defining Unicode char U+1F76 (decimal 8054)
   defining Unicode char U+1F77 (decimal 8055)
   defining Unicode char U+1F78 (decimal 8056)
   defining Unicode char U+1F79 (decimal 8057)
   defining Unicode char U+1F7A (decimal 8058)
   defining Unicode char U+1F7B (decimal 8059)
   defining Unicode char U+1F7C (decimal 8060)
   defining Unicode char U+1F7D (decimal 8061)
   defining Unicode char U+1F80 (decimal 8064)
   defining Unicode char U+1F81 (decimal 8065)
   defining Unicode char U+1F82 (decimal 8066)
   defining Unicode char U+1F83 (decimal 8067)
   defining Unicode char U+1F84 (decimal 8068)
   defining Unicode char U+1F85 (decimal 8069)
   defining Unicode char U+1F86 (decimal 8070)
   defining Unicode char U+1F87 (decimal 8071)
   defining Unicode char U+1F88 (decimal 8072)
   defining Unicode char U+1F89 (decimal 8073)
   defining Unicode char U+1F8A (decimal 8074)
   defining Unicode char U+1F8B (decimal 8075)
   defining Unicode char U+1F8C (decimal 8076)
   defining Unicode char U+1F8D (decimal 8077)
   defining Unicode char U+1F8E (decimal 8078)
   defining Unicode char U+1F8F (decimal 8079)
   defining Unicode char U+1F90 (decimal 8080)
   defining Unicode char U+1F91 (decimal 8081)
   defining Unicode char U+1F92 (decimal 8082)
   defining Unicode char U+1F93 (decimal 8083)
   defining Unicode char U+1F94 (decimal 8084)
   defining Unicode char U+1F95 (decimal 8085)
   defining Unicode char U+1F96 (decimal 8086)
   defining Unicode char U+1F97 (decimal 8087)
   defining Unicode char U+1F98 (decimal 8088)
   defining Unicode char U+1F99 (decimal 8089)
   defining Unicode char U+1F9A (decimal 8090)
   defining Unicode char U+1F9B (decimal 8091)
   defining Unicode char U+1F9C (decimal 8092)
   defining Unicode char U+1F9D (decimal 8093)
   defining Unicode char U+1F9E (decimal 8094)
   defining Unicode char U+1F9F (decimal 8095)
   defining Unicode char U+1FA0 (decimal 8096)
   defining Unicode char U+1FA1 (decimal 8097)
   defining Unicode char U+1FA2 (decimal 8098)
   defining Unicode char U+1FA3 (decimal 8099)
   defining Unicode char U+1FA4 (decimal 8100)
   defining Unicode char U+1FA5 (decimal 8101)
   defining Unicode char U+1FA6 (decimal 8102)
   defining Unicode char U+1FA7 (decimal 8103)
   defining Unicode char U+1FA8 (decimal 8104)
   defining Unicode char U+1FA9 (decimal 8105)
   defining Unicode char U+1FAA (decimal 8106)
   defining Unicode char U+1FAB (decimal 8107)
   defining Unicode char U+1FAC (decimal 8108)
   defining Unicode char U+1FAD (decimal 8109)
   defining Unicode char U+1FAE (decimal 8110)
   defining Unicode char U+1FAF (decimal 8111)
   defining Unicode char U+1FB0 (decimal 8112)
   defining Unicode char U+1FB1 (decimal 8113)
   defining Unicode char U+1FB2 (decimal 8114)
   defining Unicode char U+1FB3 (decimal 8115)
   defining Unicode char U+1FB4 (decimal 8116)
   defining Unicode char U+1FB6 (decimal 8118)
   defining Unicode char U+1FB7 (decimal 8119)
   defining Unicode char U+1FB8 (decimal 8120)
   defining Unicode char U+1FB9 (decimal 8121)
   defining Unicode char U+1FBA (decimal 8122)
   defining Unicode char U+1FBB (decimal 8123)
   defining Unicode char U+1FBC (decimal 8124)
   defining Unicode char U+1FBD (decimal 8125)
   defining Unicode char U+1FBE (decimal 8126)
   defining Unicode char U+1FBF (decimal 8127)
   defining Unicode char U+1FC0 (decimal 8128)
   defining Unicode char U+1FC1 (decimal 8129)
   defining Unicode char U+1FC2 (decimal 8130)
   defining Unicode char U+1FC3 (decimal 8131)
   defining Unicode char U+1FC4 (decimal 8132)
   defining Unicode char U+1FC6 (decimal 8134)
   defining Unicode char U+1FC7 (decimal 8135)
   defining Unicode char U+1FC8 (decimal 8136)
   defining Unicode char U+1FC9 (decimal 8137)
   defining Unicode char U+1FCA (decimal 8138)
   defining Unicode char U+1FCB (decimal 8139)
   defining Unicode char U+1FCC (decimal 8140)
   defining Unicode char U+1FCD (decimal 8141)
   defining Unicode char U+1FCE (decimal 8142)
   defining Unicode char U+1FCF (decimal 8143)
   defining Unicode char U+1FD0 (decimal 8144)
   defining Unicode char U+1FD1 (decimal 8145)
   defining Unicode char U+1FD2 (decimal 8146)
   defining Unicode char U+1FD3 (decimal 8147)
   defining Unicode char U+1FD6 (decimal 8150)
   defining Unicode char U+1FD7 (decimal 8151)
   defining Unicode char U+1FD8 (decimal 8152)
   defining Unicode char U+1FD9 (decimal 8153)
   defining Unicode char U+1FDA (decimal 8154)
   defining Unicode char U+1FDB (decimal 8155)
   defining Unicode char U+1FDD (decimal 8157)
   defining Unicode char U+1FDE (decimal 8158)
   defining Unicode char U+1FDF (decimal 8159)
   defining Unicode char U+1FE0 (decimal 8160)
   defining Unicode char U+1FE1 (decimal 8161)
   defining Unicode char U+1FE2 (decimal 8162)
   defining Unicode char U+1FE3 (decimal 8163)
   defining Unicode char U+1FE4 (decimal 8164)
   defining Unicode char U+1FE5 (decimal 8165)
   defining Unicode char U+1FE6 (decimal 8166)
   defining Unicode char U+1FE7 (decimal 8167)
   defining Unicode char U+1FE8 (decimal 8168)
   defining Unicode char U+1FE9 (decimal 8169)
   defining Unicode char U+1FEA (decimal 8170)
   defining Unicode char U+1FEB (decimal 8171)
   defining Unicode char U+1FEC (decimal 8172)
   defining Unicode char U+1FED (decimal 8173)
   defining Unicode char U+1FEE (decimal 8174)
   defining Unicode char U+1FEF (decimal 8175)
   defining Unicode char U+1FF2 (decimal 8178)
   defining Unicode char U+1FF3 (decimal 8179)
   defining Unicode char U+1FF4 (decimal 8180)
   defining Unicode char U+1FF6 (decimal 8182)
   defining Unicode char U+1FF7 (decimal 8183)
   defining Unicode char U+1FF8 (decimal 8184)
   defining Unicode char U+1FF9 (decimal 8185)
   defining Unicode char U+1FFA (decimal 8186)
   defining Unicode char U+1FFB (decimal 8187)
   defining Unicode char U+1FFC (decimal 8188)
   defining Unicode char U+1FFD (decimal 8189)
   defining Unicode char U+1FFE (decimal 8190)
   defining Unicode char U+2013 (decimal 8211)
   defining Unicode char U+2014 (decimal 8212)
   defining Unicode char U+2018 (decimal 8216)
   defining Unicode char U+2019 (decimal 8217)
   defining Unicode char U+201A (decimal 8218)
   defining Unicode char U+2030 (decimal 8240)
   defining Unicode char U+2039 (decimal 8249)
   defining Unicode char U+203A (decimal 8250)
   defining Unicode char U+20AC (decimal 8364)
   defining Unicode char U+2126 (decimal 8486)
   defining Unicode char U+10144 (decimal 65860)
   defining Unicode char U+10145 (decimal 65861)
   defining Unicode char U+10146 (decimal 65862)
   defining Unicode char U+10147 (decimal 65863)
) (/cvmfs/sft.cern.ch/lcg/external/texlive/2025/texmf-dist/tex/latex/greek-fontenc/greek-fontenc.def
File: greek-fontenc.def 2023-09-12 2.5 Common Greek font encoding definitions
LaTeX Encoding Info:    Ignoring declaration for text command \accACUTE (encoding LGR) on input line 251.
LaTeX Encoding Info:    Ignoring declaration for text command \accGRAVE (encoding LGR) on input line 259.
LaTeX Encoding Info:    Ignoring declaration for text command \accTILDE (encoding LGR) on input line 267.
))
   defining Unicode char U+00B5 (decimal 181)
LaTeX Encoding Info:    Redeclaring text command \textmu (encoding ?) on input line 388.
) (/cvmfs/sft.cern.ch/lcg/external/texlive/2025/texmf-dist/tex/latex/graphics/graphicx.sty
Package: graphicx 2024/12/31 v1.2e Enhanced LaTeX Graphics (DPC,SPQR)
 (/cvmfs/sft.cern.ch/lcg/external/texlive/2025/texmf-dist/tex/latex/graphics/graphics.sty
Package: graphics 2024/08/06 v1.4g Standard LaTeX Graphics (DPC,SPQR)
 (/cvmfs/sft.cern.ch/lcg/external/texlive/2025/texmf-dist/tex/latex/graphics/trig.sty
Package: trig 2023/12/02 v1.11 sin cos tan (DPC)
) (/cvmfs/sft.cern.ch/lcg/external/texlive/2025/texmf-dist/tex/latex/graphics-cfg/graphics.cfg
File: graphics.cfg 2016/06/04 v1.11 sample graphics configuration
)
Package graphics Info: Driver file: pdftex.def on input line 106.
 (/cvmfs/sft.cern.ch/lcg/external/texlive/2025/texmf-dist/tex/latex/graphics-def/pdftex.def
File: pdftex.def 2024/04/13 v1.2c Graphics/color driver for pdftex
))
\Gin@req@height=\dimen150
\Gin@req@width=\dimen151
) (/cvmfs/sft.cern.ch/lcg/external/texlive/2025/texmf-dist/tex/latex/scrhack/scrhack.sty
Package: scrhack 2024-09-04 v3.42 scrhack emulation package
) (/cvmfs/sft.cern.ch/lcg/external/texlive/2025/texmf-dist/tex/latex/listings/listings.sty
\lst@mode=\count427
\lst@gtempboxa=\box55
\lst@token=\toks21
\lst@length=\count428
\lst@currlwidth=\dimen152
\lst@column=\count429
\lst@pos=\count430
\lst@lostspace=\dimen153
\lst@width=\dimen154
\lst@newlines=\count431
\lst@lineno=\count432
\lst@maxwidth=\dimen155
 (/cvmfs/sft.cern.ch/lcg/external/texlive/2025/texmf-dist/tex/latex/listings/lstpatch.sty
File: lstpatch.sty 2024/09/23 1.10c (Carsten Heinz)
) (/cvmfs/sft.cern.ch/lcg/external/texlive/2025/texmf-dist/tex/latex/listings/lstmisc.sty
File: lstmisc.sty 2024/09/23 1.10c (Carsten Heinz)
\c@lstnumber=\count433
\lst@skipnumbers=\count434
\lst@framebox=\box56
) (/cvmfs/sft.cern.ch/lcg/external/texlive/2025/texmf-dist/tex/latex/listings/listings.cfg
File: listings.cfg 2024/09/23 1.10c listings configuration
))
Package: listings 2024/09/23 1.10c (Carsten Heinz)
 (/cvmfs/sft.cern.ch/lcg/external/texlive/2025/texmf-dist/tex/latex/lstaddons/lstautogobble.sty
Package: lstautogobble 2012/05/03 v0.1 Implements 'autogobble' option for 'listings'
\lstag@spacecount=\count435
) (/cvmfs/sft.cern.ch/lcg/external/texlive/2025/texmf-dist/tex/latex/pgf/frontendlayer/tikz.sty (/cvmfs/sft.cern.ch/lcg/external/texlive/2025/texmf-dist/tex/latex/pgf/basiclayer/pgf.sty (/cvmfs/sft.cern.ch/lcg/external/texlive/2025/texmf-dist/tex/latex/pgf/utilities/pgfrcs.sty (/cvmfs/sft.cern.ch/lcg/external/texlive/2025/texmf-dist/tex/generic/pgf/utilities/pgfutil-common.tex
\pgfutil@everybye=\toks22
\pgfutil@tempdima=\dimen156
\pgfutil@tempdimb=\dimen157
) (/cvmfs/sft.cern.ch/lcg/external/texlive/2025/texmf-dist/tex/generic/pgf/utilities/pgfutil-latex.def
\pgfutil@abb=\box57
) (/cvmfs/sft.cern.ch/lcg/external/texlive/2025/texmf-dist/tex/generic/pgf/utilities/pgfrcs.code.tex (/cvmfs/sft.cern.ch/lcg/external/texlive/2025/texmf-dist/tex/generic/pgf/pgf.revision.tex)
Package: pgfrcs 2023-01-15 v3.1.10 (3.1.10)
))
Package: pgf 2023-01-15 v3.1.10 (3.1.10)
 (/cvmfs/sft.cern.ch/lcg/external/texlive/2025/texmf-dist/tex/latex/pgf/basiclayer/pgfcore.sty (/cvmfs/sft.cern.ch/lcg/external/texlive/2025/texmf-dist/tex/latex/pgf/systemlayer/pgfsys.sty (/cvmfs/sft.cern.ch/lcg/external/texlive/2025/texmf-dist/tex/generic/pgf/systemlayer/pgfsys.code.tex
Package: pgfsys 2023-01-15 v3.1.10 (3.1.10)
 (/cvmfs/sft.cern.ch/lcg/external/texlive/2025/texmf-dist/tex/generic/pgf/utilities/pgfkeys.code.tex
\pgfkeys@pathtoks=\toks23
\pgfkeys@temptoks=\toks24
 (/cvmfs/sft.cern.ch/lcg/external/texlive/2025/texmf-dist/tex/generic/pgf/utilities/pgfkeyslibraryfiltered.code.tex
\pgfkeys@tmptoks=\toks25
))
\pgf@x=\dimen158
\pgf@y=\dimen159
\pgf@xa=\dimen160
\pgf@ya=\dimen161
\pgf@xb=\dimen162
\pgf@yb=\dimen163
\pgf@xc=\dimen164
\pgf@yc=\dimen165
\pgf@xd=\dimen166
\pgf@yd=\dimen167
\w@pgf@writea=\write4
\r@pgf@reada=\read4
\c@pgf@counta=\count436
\c@pgf@countb=\count437
\c@pgf@countc=\count438
\c@pgf@countd=\count439
\t@pgf@toka=\toks26
\t@pgf@tokb=\toks27
\t@pgf@tokc=\toks28
\pgf@sys@id@count=\count440
 (/cvmfs/sft.cern.ch/lcg/external/texlive/2025/texmf-dist/tex/generic/pgf/systemlayer/pgf.cfg
File: pgf.cfg 2023-01-15 v3.1.10 (3.1.10)
)
Driver file for pgf: pgfsys-pdftex.def
 (/cvmfs/sft.cern.ch/lcg/external/texlive/2025/texmf-dist/tex/generic/pgf/systemlayer/pgfsys-pdftex.def
File: pgfsys-pdftex.def 2023-01-15 v3.1.10 (3.1.10)
 (/cvmfs/sft.cern.ch/lcg/external/texlive/2025/texmf-dist/tex/generic/pgf/systemlayer/pgfsys-common-pdf.def
File: pgfsys-common-pdf.def 2023-01-15 v3.1.10 (3.1.10)
))) (/cvmfs/sft.cern.ch/lcg/external/texlive/2025/texmf-dist/tex/generic/pgf/systemlayer/pgfsyssoftpath.code.tex
File: pgfsyssoftpath.code.tex 2023-01-15 v3.1.10 (3.1.10)
\pgfsyssoftpath@smallbuffer@items=\count441
\pgfsyssoftpath@bigbuffer@items=\count442
) (/cvmfs/sft.cern.ch/lcg/external/texlive/2025/texmf-dist/tex/generic/pgf/systemlayer/pgfsysprotocol.code.tex
File: pgfsysprotocol.code.tex 2023-01-15 v3.1.10 (3.1.10)
)) (/cvmfs/sft.cern.ch/lcg/external/texlive/2025/texmf-dist/tex/latex/xcolor/xcolor.sty
Package: xcolor 2024/09/29 v3.02 LaTeX color extensions (UK)
 (/cvmfs/sft.cern.ch/lcg/external/texlive/2025/texmf-dist/tex/latex/graphics-cfg/color.cfg
File: color.cfg 2016/01/02 v1.6 sample color configuration
)
Package xcolor Info: Driver file: pdftex.def on input line 274.
 (/cvmfs/sft.cern.ch/lcg/external/texlive/2025/texmf-dist/tex/latex/graphics/mathcolor.ltx)
Package xcolor Info: Model `cmy' substituted by `cmy0' on input line 1349.
Package xcolor Info: Model `hsb' substituted by `rgb' on input line 1353.
Package xcolor Info: Model `RGB' extended on input line 1365.
Package xcolor Info: Model `HTML' substituted by `rgb' on input line 1367.
Package xcolor Info: Model `Hsb' substituted by `hsb' on input line 1368.
Package xcolor Info: Model `tHsb' substituted by `hsb' on input line 1369.
Package xcolor Info: Model `HSB' substituted by `hsb' on input line 1370.
Package xcolor Info: Model `Gray' substituted by `gray' on input line 1371.
Package xcolor Info: Model `wave' substituted by `hsb' on input line 1372.
) (/cvmfs/sft.cern.ch/lcg/external/texlive/2025/texmf-dist/tex/latex/colortbl/colortbl.sty
Package: colortbl 2024/10/29 v1.0k Color table columns (DPC)
 (/cvmfs/sft.cern.ch/lcg/external/texlive/2025/texmf-dist/tex/latex/tools/array.sty
Package: array 2025/06/08 v2.6j Tabular extension package (FMi)
\col@sep=\dimen168
\ar@mcellbox=\box58
\extrarowheight=\dimen169
\NC@list=\toks29
\extratabsurround=\skip88
\backup@length=\skip89
\ar@cellbox=\box59
)
\everycr=\toks30
\minrowclearance=\skip90
\rownum=\count443
) (/cvmfs/sft.cern.ch/lcg/external/texlive/2025/texmf-dist/tex/latex/xcolor/svgnam.def
File: svgnam.def 2024/09/29 v3.02 Predefined colors according to SVG 1.1 (UK)
) (/cvmfs/sft.cern.ch/lcg/external/texlive/2025/texmf-dist/tex/latex/graphics/dvipsnam.def
File: dvipsnam.def 2016/06/17 v3.0m Driver-dependent file (DPC,SPQR)
) (/cvmfs/sft.cern.ch/lcg/external/texlive/2025/texmf-dist/tex/generic/pgf/basiclayer/pgfcore.code.tex
Package: pgfcore 2023-01-15 v3.1.10 (3.1.10)
 (/cvmfs/sft.cern.ch/lcg/external/texlive/2025/texmf-dist/tex/generic/pgf/math/pgfmath.code.tex (/cvmfs/sft.cern.ch/lcg/external/texlive/2025/texmf-dist/tex/generic/pgf/math/pgfmathutil.code.tex) (/cvmfs/sft.cern.ch/lcg/external/texlive/2025/texmf-dist/tex/generic/pgf/math/pgfmathparser.code.tex
\pgfmath@dimen=\dimen170
\pgfmath@count=\count444
\pgfmath@box=\box60
\pgfmath@toks=\toks31
\pgfmath@stack@operand=\toks32
\pgfmath@stack@operation=\toks33
) (/cvmfs/sft.cern.ch/lcg/external/texlive/2025/texmf-dist/tex/generic/pgf/math/pgfmathfunctions.code.tex) (/cvmfs/sft.cern.ch/lcg/external/texlive/2025/texmf-dist/tex/generic/pgf/math/pgfmathfunctions.basic.code.tex) (/cvmfs/sft.cern.ch/lcg/external/texlive/2025/texmf-dist/tex/generic/pgf/math/pgfmathfunctions.trigonometric.code.tex) (/cvmfs/sft.cern.ch/lcg/external/texlive/2025/texmf-dist/tex/generic/pgf/math/pgfmathfunctions.random.code.tex) (/cvmfs/sft.cern.ch/lcg/external/texlive/2025/texmf-dist/tex/generic/pgf/math/pgfmathfunctions.comparison.code.tex) (/cvmfs/sft.cern.ch/lcg/external/texlive/2025/texmf-dist/tex/generic/pgf/math/pgfmathfunctions.base.code.tex) (/cvmfs/sft.cern.ch/lcg/external/texlive/2025/texmf-dist/tex/generic/pgf/math/pgfmathfunctions.round.code.tex) (/cvmfs/sft.cern.ch/lcg/external/texlive/2025/texmf-dist/tex/generic/pgf/math/pgfmathfunctions.misc.code.tex) (/cvmfs/sft.cern.ch/lcg/external/texlive/2025/texmf-dist/tex/generic/pgf/math/pgfmathfunctions.integerarithmetics.code.tex) (/cvmfs/sft.cern.ch/lcg/external/texlive/2025/texmf-dist/tex/generic/pgf/math/pgfmathcalc.code.tex) (/cvmfs/sft.cern.ch/lcg/external/texlive/2025/texmf-dist/tex/generic/pgf/math/pgfmathfloat.code.tex
\c@pgfmathroundto@lastzeros=\count445
)) (/cvmfs/sft.cern.ch/lcg/external/texlive/2025/texmf-dist/tex/generic/pgf/math/pgfint.code.tex) (/cvmfs/sft.cern.ch/lcg/external/texlive/2025/texmf-dist/tex/generic/pgf/basiclayer/pgfcorepoints.code.tex
File: pgfcorepoints.code.tex 2023-01-15 v3.1.10 (3.1.10)
\pgf@picminx=\dimen171
\pgf@picmaxx=\dimen172
\pgf@picminy=\dimen173
\pgf@picmaxy=\dimen174
\pgf@pathminx=\dimen175
\pgf@pathmaxx=\dimen176
\pgf@pathminy=\dimen177
\pgf@pathmaxy=\dimen178
\pgf@xx=\dimen179
\pgf@xy=\dimen180
\pgf@yx=\dimen181
\pgf@yy=\dimen182
\pgf@zx=\dimen183
\pgf@zy=\dimen184
) (/cvmfs/sft.cern.ch/lcg/external/texlive/2025/texmf-dist/tex/generic/pgf/basiclayer/pgfcorepathconstruct.code.tex
File: pgfcorepathconstruct.code.tex 2023-01-15 v3.1.10 (3.1.10)
\pgf@path@lastx=\dimen185
\pgf@path@lasty=\dimen186
) (/cvmfs/sft.cern.ch/lcg/external/texlive/2025/texmf-dist/tex/generic/pgf/basiclayer/pgfcorepathusage.code.tex
File: pgfcorepathusage.code.tex 2023-01-15 v3.1.10 (3.1.10)
\pgf@shorten@end@additional=\dimen187
\pgf@shorten@start@additional=\dimen188
) (/cvmfs/sft.cern.ch/lcg/external/texlive/2025/texmf-dist/tex/generic/pgf/basiclayer/pgfcorescopes.code.tex
File: pgfcorescopes.code.tex 2023-01-15 v3.1.10 (3.1.10)
\pgfpic=\box61
\pgf@hbox=\box62
\pgf@layerbox@main=\box63
\pgf@picture@serial@count=\count446
) (/cvmfs/sft.cern.ch/lcg/external/texlive/2025/texmf-dist/tex/generic/pgf/basiclayer/pgfcoregraphicstate.code.tex
File: pgfcoregraphicstate.code.tex 2023-01-15 v3.1.10 (3.1.10)
\pgflinewidth=\dimen189
)
(/cvmfs/sft.cern.ch/lcg/external/texlive/2025/texmf-dist/tex/generic/pgf/basiclayer/pgfcoretransformations.code.tex
File: pgfcoretransformations.code.tex 2023-01-15 v3.1.10 (3.1.10)
\pgf@pt@x=\dimen190
\pgf@pt@y=\dimen191
\pgf@pt@temp=\dimen192
) (/cvmfs/sft.cern.ch/lcg/external/texlive/2025/texmf-dist/tex/generic/pgf/basiclayer/pgfcorequick.code.tex
File: pgfcorequick.code.tex 2023-01-15 v3.1.10 (3.1.10)
) (/cvmfs/sft.cern.ch/lcg/external/texlive/2025/texmf-dist/tex/generic/pgf/basiclayer/pgfcoreobjects.code.tex
File: pgfcoreobjects.code.tex 2023-01-15 v3.1.10 (3.1.10)
) (/cvmfs/sft.cern.ch/lcg/external/texlive/2025/texmf-dist/tex/generic/pgf/basiclayer/pgfcorepathprocessing.code.tex
File: pgfcorepathprocessing.code.tex 2023-01-15 v3.1.10 (3.1.10)
) (/cvmfs/sft.cern.ch/lcg/external/texlive/2025/texmf-dist/tex/generic/pgf/basiclayer/pgfcorearrows.code.tex
File: pgfcorearrows.code.tex 2023-01-15 v3.1.10 (3.1.10)
\pgfarrowsep=\dimen193
) (/cvmfs/sft.cern.ch/lcg/external/texlive/2025/texmf-dist/tex/generic/pgf/basiclayer/pgfcoreshade.code.tex
File: pgfcoreshade.code.tex 2023-01-15 v3.1.10 (3.1.10)
\pgf@max=\dimen194
\pgf@sys@shading@range@num=\count447
\pgf@shadingcount=\count448
) (/cvmfs/sft.cern.ch/lcg/external/texlive/2025/texmf-dist/tex/generic/pgf/basiclayer/pgfcoreimage.code.tex
File: pgfcoreimage.code.tex 2023-01-15 v3.1.10 (3.1.10)
) (/cvmfs/sft.cern.ch/lcg/external/texlive/2025/texmf-dist/tex/generic/pgf/basiclayer/pgfcoreexternal.code.tex
File: pgfcoreexternal.code.tex 2023-01-15 v3.1.10 (3.1.10)
\pgfexternal@startupbox=\box64
) (/cvmfs/sft.cern.ch/lcg/external/texlive/2025/texmf-dist/tex/generic/pgf/basiclayer/pgfcorelayers.code.tex
File: pgfcorelayers.code.tex 2023-01-15 v3.1.10 (3.1.10)
) (/cvmfs/sft.cern.ch/lcg/external/texlive/2025/texmf-dist/tex/generic/pgf/basiclayer/pgfcoretransparency.code.tex
File: pgfcoretransparency.code.tex 2023-01-15 v3.1.10 (3.1.10)
) (/cvmfs/sft.cern.ch/lcg/external/texlive/2025/texmf-dist/tex/generic/pgf/basiclayer/pgfcorepatterns.code.tex
File: pgfcorepatterns.code.tex 2023-01-15 v3.1.10 (3.1.10)
) (/cvmfs/sft.cern.ch/lcg/external/texlive/2025/texmf-dist/tex/generic/pgf/basiclayer/pgfcorerdf.code.tex
File: pgfcorerdf.code.tex 2023-01-15 v3.1.10 (3.1.10)
))) (/cvmfs/sft.cern.ch/lcg/external/texlive/2025/texmf-dist/tex/generic/pgf/modules/pgfmoduleshapes.code.tex
File: pgfmoduleshapes.code.tex 2023-01-15 v3.1.10 (3.1.10)
\pgfnodeparttextbox=\box65
) (/cvmfs/sft.cern.ch/lcg/external/texlive/2025/texmf-dist/tex/generic/pgf/modules/pgfmoduleplot.code.tex
File: pgfmoduleplot.code.tex 2023-01-15 v3.1.10 (3.1.10)
) (/cvmfs/sft.cern.ch/lcg/external/texlive/2025/texmf-dist/tex/latex/pgf/compatibility/pgfcomp-version-0-65.sty
Package: pgfcomp-version-0-65 2023-01-15 v3.1.10 (3.1.10)
\pgf@nodesepstart=\dimen195
\pgf@nodesepend=\dimen196
) (/cvmfs/sft.cern.ch/lcg/external/texlive/2025/texmf-dist/tex/latex/pgf/compatibility/pgfcomp-version-1-18.sty
Package: pgfcomp-version-1-18 2023-01-15 v3.1.10 (3.1.10)
)) (/cvmfs/sft.cern.ch/lcg/external/texlive/2025/texmf-dist/tex/latex/pgf/utilities/pgffor.sty (/cvmfs/sft.cern.ch/lcg/external/texlive/2025/texmf-dist/tex/latex/pgf/utilities/pgfkeys.sty (/cvmfs/sft.cern.ch/lcg/external/texlive/2025/texmf-dist/tex/generic/pgf/utilities/pgfkeys.code.tex)) (/cvmfs/sft.cern.ch/lcg/external/texlive/2025/texmf-dist/tex/latex/pgf/math/pgfmath.sty (/cvmfs/sft.cern.ch/lcg/external/texlive/2025/texmf-dist/tex/generic/pgf/math/pgfmath.code.tex)) (/cvmfs/sft.cern.ch/lcg/external/texlive/2025/texmf-dist/tex/generic/pgf/utilities/pgffor.code.tex
Package: pgffor 2023-01-15 v3.1.10 (3.1.10)
\pgffor@iter=\dimen197
\pgffor@skip=\dimen198
\pgffor@stack=\toks34
\pgffor@toks=\toks35
)) (/cvmfs/sft.cern.ch/lcg/external/texlive/2025/texmf-dist/tex/generic/pgf/frontendlayer/tikz/tikz.code.tex
Package: tikz 2023-01-15 v3.1.10 (3.1.10)
 (/cvmfs/sft.cern.ch/lcg/external/texlive/2025/texmf-dist/tex/generic/pgf/libraries/pgflibraryplothandlers.code.tex
File: pgflibraryplothandlers.code.tex 2023-01-15 v3.1.10 (3.1.10)
\pgf@plot@mark@count=\count449
\pgfplotmarksize=\dimen199
)
\tikz@lastx=\dimen256
\tikz@lasty=\dimen257
\tikz@lastxsaved=\dimen258
\tikz@lastysaved=\dimen259
\tikz@lastmovetox=\dimen260
\tikz@lastmovetoy=\dimen261
\tikzleveldistance=\dimen262
\tikzsiblingdistance=\dimen263
\tikz@figbox=\box66
\tikz@figbox@bg=\box67
\tikz@tempbox=\box68
\tikz@tempbox@bg=\box69
\tikztreelevel=\count450
\tikznumberofchildren=\count451
\tikznumberofcurrentchild=\count452
\tikz@fig@count=\count453
 (/cvmfs/sft.cern.ch/lcg/external/texlive/2025/texmf-dist/tex/generic/pgf/modules/pgfmodulematrix.code.tex
File: pgfmodulematrix.code.tex 2023-01-15 v3.1.10 (3.1.10)
\pgfmatrixcurrentrow=\count454
\pgfmatrixcurrentcolumn=\count455
\pgf@matrix@numberofcolumns=\count456
)
\tikz@expandcount=\count457
 (/cvmfs/sft.cern.ch/lcg/external/texlive/2025/texmf-dist/tex/generic/pgf/frontendlayer/tikz/libraries/tikzlibrarytopaths.code.tex
File: tikzlibrarytopaths.code.tex 2023-01-15 v3.1.10 (3.1.10)
))) (/cvmfs/sft.cern.ch/lcg/external/texlive/2025/texmf-dist/tex/latex/tikz-feynman/tikz-feynman.sty
Package: tikz-feynman 2016/02/05v1.1.0Feynman diagrams with TikZ
 (/cvmfs/sft.cern.ch/lcg/external/texlive/2025/texmf-dist/tex/generic/iftex/ifluatex.sty
Package: ifluatex 2019/10/25 v1.5 ifluatex legacy package. Use iftex instead.
) (/cvmfs/sft.cern.ch/lcg/external/texlive/2025/texmf-dist/tex/latex/pgfopts/pgfopts.sty
Package: pgfopts 2014/07/10 v2.1a LaTeX package options with pgfkeys
\pgfopts@list@add@a@toks=\toks36
\pgfopts@list@add@b@toks=\toks37
) (/cvmfs/sft.cern.ch/lcg/external/texlive/2025/texmf-dist/tex/latex/tikz-feynman/tikzlibraryfeynman.code.tex (/cvmfs/sft.cern.ch/lcg/external/texlive/2025/texmf-dist/tex/generic/pgf/libraries/pgflibraryarrows.meta.code.tex
File: pgflibraryarrows.meta.code.tex 2023-01-15 v3.1.10 (3.1.10)
\pgfarrowinset=\dimen264
\pgfarrowlength=\dimen265
\pgfarrowwidth=\dimen266
\pgfarrowlinewidth=\dimen267
) (/cvmfs/sft.cern.ch/lcg/external/texlive/2025/texmf-dist/tex/generic/pgf/frontendlayer/tikz/libraries/tikzlibrarycalc.code.tex
File: tikzlibrarycalc.code.tex 2023-01-15 v3.1.10 (3.1.10)
) (/cvmfs/sft.cern.ch/lcg/external/texlive/2025/texmf-dist/tex/generic/pgf/frontendlayer/tikz/libraries/tikzlibrarydecorations.code.tex (/cvmfs/sft.cern.ch/lcg/external/texlive/2025/texmf-dist/tex/generic/pgf/modules/pgfmoduledecorations.code.tex
\pgfdecoratedcompleteddistance=\dimen268
\pgfdecoratedremainingdistance=\dimen269
\pgfdecoratedinputsegmentcompleteddistance=\dimen270
\pgfdecoratedinputsegmentremainingdistance=\dimen271
\pgf@decorate@distancetomove=\dimen272
\pgf@decorate@repeatstate=\count458
\pgfdecorationsegmentamplitude=\dimen273
\pgfdecorationsegmentlength=\dimen274
)
\tikz@lib@dec@box=\box70
) (/cvmfs/sft.cern.ch/lcg/external/texlive/2025/texmf-dist/tex/generic/pgf/frontendlayer/tikz/libraries/tikzlibrarydecorations.markings.code.tex (/cvmfs/sft.cern.ch/lcg/external/texlive/2025/texmf-dist/tex/generic/pgf/libraries/decorations/pgflibrarydecorations.markings.code.tex)) (/cvmfs/sft.cern.ch/lcg/external/texlive/2025/texmf-dist/tex/generic/pgf/frontendlayer/tikz/libraries/tikzlibrarydecorations.pathmorphing.code.tex (/cvmfs/sft.cern.ch/lcg/external/texlive/2025/texmf-dist/tex/generic/pgf/libraries/decorations/pgflibrarydecorations.pathmorphing.code.tex)) (/cvmfs/sft.cern.ch/lcg/external/texlive/2025/texmf-dist/tex/generic/pgf/frontendlayer/tikz/libraries/tikzlibrarydecorations.pathreplacing.code.tex (/cvmfs/sft.cern.ch/lcg/external/texlive/2025/texmf-dist/tex/generic/pgf/libraries/decorations/pgflibrarydecorations.pathreplacing.code.tex)) (/cvmfs/sft.cern.ch/lcg/external/texlive/2025/texmf-dist/tex/generic/pgf/frontendlayer/tikz/libraries/graphs/tikzlibrarygraphs.code.tex
File: tikzlibrarygraphs.code.tex 2023-01-15 v3.1.10 (3.1.10)
\tikz@lib@auto@number=\count459
\tikz@qnode@count=\count460
) (/cvmfs/sft.cern.ch/lcg/external/texlive/2025/texmf-dist/tex/generic/pgf/frontendlayer/tikz/libraries/tikzlibrarypatterns.code.tex
File: tikzlibrarypatterns.code.tex 2023-01-15 v3.1.10 (3.1.10)
 (/cvmfs/sft.cern.ch/lcg/external/texlive/2025/texmf-dist/tex/generic/pgf/libraries/pgflibrarypatterns.code.tex
File: pgflibrarypatterns.code.tex 2023-01-15 v3.1.10 (3.1.10)
)) (/cvmfs/sft.cern.ch/lcg/external/texlive/2025/texmf-dist/tex/generic/pgf/frontendlayer/tikz/libraries/tikzlibrarypositioning.code.tex
File: tikzlibrarypositioning.code.tex 2023-01-15 v3.1.10 (3.1.10)
) (/cvmfs/sft.cern.ch/lcg/external/texlive/2025/texmf-dist/tex/generic/pgf/frontendlayer/tikz/libraries/tikzlibraryshapes.geometric.code.tex
File: tikzlibraryshapes.geometric.code.tex 2023-01-15 v3.1.10 (3.1.10)
 (/cvmfs/sft.cern.ch/lcg/external/texlive/2025/texmf-dist/tex/generic/pgf/libraries/shapes/pgflibraryshapes.geometric.code.tex
File: pgflibraryshapes.geometric.code.tex 2023-01-15 v3.1.10 (3.1.10)
)) (/cvmfs/sft.cern.ch/lcg/external/texlive/2025/texmf-dist/tex/latex/tikz-feynman/tikzfeynman.keys.code.tex))) (/cvmfs/sft.cern.ch/lcg/external/texlive/2025/texmf-dist/tex/latex/pgfplots/pgfplots.sty (/cvmfs/sft.cern.ch/lcg/external/texlive/2025/texmf-dist/tex/generic/pgfplots/pgfplots.revision.tex)
Package: pgfplots 2021/05/15 v1.18.1 Data Visualization (1.18.1)
 (/cvmfs/sft.cern.ch/lcg/external/texlive/2025/texmf-dist/tex/generic/pgfplots/pgfplots.code.tex (/cvmfs/sft.cern.ch/lcg/external/texlive/2025/texmf-dist/tex/generic/pgfplots/pgfplotscore.code.tex
\t@pgfplots@toka=\toks38
\t@pgfplots@tokb=\toks39
\t@pgfplots@tokc=\toks40
\pgfplots@tmpa=\dimen275
\c@pgfplots@coordindex=\count461
\c@pgfplots@scanlineindex=\count462
 (/cvmfs/sft.cern.ch/lcg/external/texlive/2025/texmf-dist/tex/generic/pgfplots/sys/pgfplotssysgeneric.code.tex)) (/cvmfs/sft.cern.ch/lcg/external/texlive/2025/texmf-dist/tex/generic/pgfplots/libs/pgfplotslibrary.code.tex) (/cvmfs/sft.cern.ch/lcg/external/texlive/2025/texmf-dist/tex/generic/pgfplots/oldpgfcompatib/pgfplotsoldpgfsupp_loader.code.tex (/cvmfs/sft.cern.ch/lcg/external/texlive/2025/texmf-dist/tex/generic/pgf/libraries/pgflibraryfpu.code.tex)
Package pgfplots: loading complementary utilities for your pgf version...
\t@pgf@toka=\toks41
\t@pgf@tokb=\toks42
\t@pgf@tokc=\toks43
(/cvmfs/sft.cern.ch/lcg/external/texlive/2025/texmf-dist/tex/generic/pgfplots/oldpgfcompatib/pgfplotsoldpgfsupp_pgfutil-common-lists.tex)) (/cvmfs/sft.cern.ch/lcg/external/texlive/2025/texmf-dist/tex/generic/pgfplots/util/pgfplotsutil.code.tex (/cvmfs/sft.cern.ch/lcg/external/texlive/2025/texmf-dist/tex/generic/pgfplots/liststructure/pgfplotsliststructure.code.tex) (/cvmfs/sft.cern.ch/lcg/external/texlive/2025/texmf-dist/tex/generic/pgfplots/liststructure/pgfplotsliststructureext.code.tex) (/cvmfs/sft.cern.ch/lcg/external/texlive/2025/texmf-dist/tex/generic/pgfplots/liststructure/pgfplotsarray.code.tex
\c@pgfplotsarray@tmp=\count463
) (/cvmfs/sft.cern.ch/lcg/external/texlive/2025/texmf-dist/tex/generic/pgfplots/liststructure/pgfplotsmatrix.code.tex) (/cvmfs/sft.cern.ch/lcg/external/texlive/2025/texmf-dist/tex/generic/pgfplots/numtable/pgfplotstableshared.code.tex
\c@pgfplotstable@counta=\count464
\t@pgfplotstable@a=\toks44
) (/cvmfs/sft.cern.ch/lcg/external/texlive/2025/texmf-dist/tex/generic/pgfplots/liststructure/pgfplotsdeque.code.tex) (/cvmfs/sft.cern.ch/lcg/external/texlive/2025/texmf-dist/tex/generic/pgfplots/util/pgfplotsbinary.code.tex (/cvmfs/sft.cern.ch/lcg/external/texlive/2025/texmf-dist/tex/generic/pgfplots/util/pgfplotsbinary.data.code.tex)) (/cvmfs/sft.cern.ch/lcg/external/texlive/2025/texmf-dist/tex/generic/pgfplots/util/pgfplotsutil.verb.code.tex) (/cvmfs/sft.cern.ch/lcg/external/texlive/2025/texmf-dist/tex/generic/pgfplots/libs/pgflibrarypgfplots.surfshading.code.tex
\c@pgfplotslibrarysurf@no=\count465
 (/cvmfs/sft.cern.ch/lcg/external/texlive/2025/texmf-dist/tex/generic/pgfplots/sys/pgflibrarypgfplots.surfshading.pgfsys-pdftex.def))) (/cvmfs/sft.cern.ch/lcg/external/texlive/2025/texmf-dist/tex/generic/pgfplots/util/pgfplotscolormap.code.tex (/cvmfs/sft.cern.ch/lcg/external/texlive/2025/texmf-dist/tex/generic/pgfplots/util/pgfplotscolor.code.tex)) (/cvmfs/sft.cern.ch/lcg/external/texlive/2025/texmf-dist/tex/generic/pgfplots/pgfplotsstackedplots.code.tex) (/cvmfs/sft.cern.ch/lcg/external/texlive/2025/texmf-dist/tex/generic/pgfplots/pgfplotsplothandlers.code.tex (/cvmfs/sft.cern.ch/lcg/external/texlive/2025/texmf-dist/tex/generic/pgfplots/pgfplotsmeshplothandler.code.tex (/cvmfs/sft.cern.ch/lcg/external/texlive/2025/texmf-dist/tex/generic/pgfplots/pgfplotsmeshplotimage.code.tex))) (/cvmfs/sft.cern.ch/lcg/external/texlive/2025/texmf-dist/tex/generic/pgfplots/pgfplots.scaling.code.tex) (/cvmfs/sft.cern.ch/lcg/external/texlive/2025/texmf-dist/tex/generic/pgfplots/pgfplotscoordprocessing.code.tex) (/cvmfs/sft.cern.ch/lcg/external/texlive/2025/texmf-dist/tex/generic/pgfplots/pgfplots.errorbars.code.tex) (/cvmfs/sft.cern.ch/lcg/external/texlive/2025/texmf-dist/tex/generic/pgfplots/pgfplots.markers.code.tex) (/cvmfs/sft.cern.ch/lcg/external/texlive/2025/texmf-dist/tex/generic/pgfplots/pgfplotsticks.code.tex) (/cvmfs/sft.cern.ch/lcg/external/texlive/2025/texmf-dist/tex/generic/pgfplots/pgfplots.paths.code.tex) (/cvmfs/sft.cern.ch/lcg/external/texlive/2025/texmf-dist/tex/generic/pgfplots/libs/tikzlibrarypgfplots.contourlua.code.tex)
\pgfplots@numplots=\count466
\pgfplots@xmin@reg=\dimen276
\pgfplots@xmax@reg=\dimen277
\pgfplots@ymin@reg=\dimen278
\pgfplots@ymax@reg=\dimen279
\pgfplots@zmin@reg=\dimen280
\pgfplots@zmax@reg=\dimen281
) (/cvmfs/sft.cern.ch/lcg/external/texlive/2025/texmf-dist/tex/generic/pgf/frontendlayer/tikz/libraries/tikzlibraryplotmarks.code.tex
File: tikzlibraryplotmarks.code.tex 2023-01-15 v3.1.10 (3.1.10)
 (/cvmfs/sft.cern.ch/lcg/external/texlive/2025/texmf-dist/tex/generic/pgf/libraries/pgflibraryplotmarks.code.tex
File: pgflibraryplotmarks.code.tex 2023-01-15 v3.1.10 (3.1.10)
))) (/cvmfs/sft.cern.ch/lcg/external/texlive/2025/texmf-dist/tex/latex/tools/tabularx.sty
Package: tabularx 2023/12/11 v2.12a `tabularx' package (DPC)
\TX@col@width=\dimen282
\TX@old@table=\dimen283
\TX@old@col=\dimen284
\TX@target=\dimen285
\TX@delta=\dimen286
\TX@cols=\count467
\TX@ftn=\toks45
) (/cvmfs/sft.cern.ch/lcg/external/texlive/2025/texmf-dist/tex/latex/pgfplots/pgfplotstable.sty (/cvmfs/sft.cern.ch/lcg/external/texlive/2025/texmf-dist/tex/generic/pgfplots/pgfplots.revision.tex)
Package: pgfplotstable 2021/05/15 v1.18.1 Table typesetting and Pretty-printing (1.18.1)
 (/cvmfs/sft.cern.ch/lcg/external/texlive/2025/texmf-dist/tex/generic/pgfplots/numtable/pgfplotstable.code.tex (/cvmfs/sft.cern.ch/lcg/external/texlive/2025/texmf-dist/tex/generic/pgfplots/numtable/pgfplotstable.coltype.code.tex))) (/cvmfs/sft.cern.ch/lcg/external/texlive/2025/texmf-dist/tex/latex/booktabs/booktabs.sty
Package: booktabs 2020/01/12 v1.61803398 Publication quality tables
\heavyrulewidth=\dimen287
\lightrulewidth=\dimen288
\cmidrulewidth=\dimen289
\belowrulesep=\dimen290
\belowbottomsep=\dimen291
\aboverulesep=\dimen292
\abovetopsep=\dimen293
\cmidrulesep=\dimen294
\cmidrulekern=\dimen295
\defaultaddspace=\dimen296
\@cmidla=\count468
\@cmidlb=\count469
\@aboverulesep=\dimen297
\@belowrulesep=\dimen298
\@thisruleclass=\count470
\@lastruleclass=\count471
\@thisrulewidth=\dimen299
) (/cvmfs/sft.cern.ch/lcg/external/texlive/2025/texmf-dist/tex/latex/microtype/microtype.sty
Package: microtype 2025/02/11 v3.2a Micro-typographical refinements (RS)
\MT@toks=\toks46
\MT@tempbox=\box71
\MT@count=\count472
LaTeX Info: Redefining \noprotrusionifhmode on input line 1087.
LaTeX Info: Redefining \leftprotrusion on input line 1088.
\MT@prot@toks=\toks47
LaTeX Info: Redefining \rightprotrusion on input line 1107.
LaTeX Info: Redefining \textls on input line 1449.
\MT@outer@kern=\dimen300
LaTeX Info: Redefining \microtypecontext on input line 2053.
LaTeX Info: Redefining \textmicrotypecontext on input line 2070.
\MT@listname@count=\count473
 (/cvmfs/sft.cern.ch/lcg/external/texlive/2025/texmf-dist/tex/latex/microtype/microtype-pdftex.def
File: microtype-pdftex.def 2025/02/11 v3.2a Definitions specific to pdftex (RS)
LaTeX Info: Redefining \lsstyle on input line 944.
LaTeX Info: Redefining \lslig on input line 944.
\MT@outer@space=\skip91
)
Package microtype Info: Loading configuration file microtype.cfg.
 (/cvmfs/sft.cern.ch/lcg/external/texlive/2025/texmf-dist/tex/latex/microtype/microtype.cfg
File: microtype.cfg 2025/02/11 v3.2a microtype main configuration file (RS)
)
LaTeX Info: Redefining \microtypesetup on input line 3065.
) (/cvmfs/sft.cern.ch/lcg/external/texlive/2025/texmf-dist/tex/latex/caption/caption.sty
Package: caption 2023/08/05 v3.6o Customizing captions (AR)
 (/cvmfs/sft.cern.ch/lcg/external/texlive/2025/texmf-dist/tex/latex/caption/caption3.sty
Package: caption3 2023/07/31 v2.4d caption3 kernel (AR)
\caption@tempdima=\dimen301
\captionmargin=\dimen302
\caption@leftmargin=\dimen303
\caption@rightmargin=\dimen304
\caption@width=\dimen305
\caption@indent=\dimen306
\caption@parindent=\dimen307
\caption@hangindent=\dimen308
Package caption Info: KOMA-Script document class detected.
 (/cvmfs/sft.cern.ch/lcg/external/texlive/2025/texmf-dist/tex/latex/caption/caption-koma.sto
File: caption-koma.sto 2023/09/08 v2.0e Adaption of the caption package to the KOMA-Script document classes (AR)
))
\c@caption@flags=\count474
\c@continuedfloat=\count475
Package caption Info: listings package is loaded.
Package caption Info: KOMA-Script scrextend package detected.
\caption@addmargin@hsize=\dimen309
\caption@addmargin@linewidth=\dimen310
) (/cvmfs/sft.cern.ch/lcg/external/texlive/2025/texmf-dist/tex/latex/hyperref/hyperref.sty
Package: hyperref 2025-06-21 v7.01n Hypertext links for LaTeX
 (/cvmfs/sft.cern.ch/lcg/external/texlive/2025/texmf-dist/tex/generic/kvdefinekeys/kvdefinekeys.sty
Package: kvdefinekeys 2019-12-19 v1.6 Define keys (HO)
) (/cvmfs/sft.cern.ch/lcg/external/texlive/2025/texmf-dist/tex/generic/pdfescape/pdfescape.sty
Package: pdfescape 2019/12/09 v1.15 Implements pdfTeX's escape features (HO)
) (/cvmfs/sft.cern.ch/lcg/external/texlive/2025/texmf-dist/tex/latex/hycolor/hycolor.sty
Package: hycolor 2020-01-27 v1.10 Color options for hyperref/bookmark (HO)
) (/cvmfs/sft.cern.ch/lcg/external/texlive/2025/texmf-dist/tex/latex/hyperref/nameref.sty
Package: nameref 2025-06-21 v2.57 Cross-referencing by name of section
 (/cvmfs/sft.cern.ch/lcg/external/texlive/2025/texmf-dist/tex/latex/refcount/refcount.sty
Package: refcount 2019/12/15 v3.6 Data extraction from label references (HO)
) (/cvmfs/sft.cern.ch/lcg/external/texlive/2025/texmf-dist/tex/generic/gettitlestring/gettitlestring.sty
Package: gettitlestring 2019/12/15 v1.6 Cleanup title references (HO)
)
\c@section@level=\count476
) (/cvmfs/sft.cern.ch/lcg/external/texlive/2025/texmf-dist/tex/generic/stringenc/stringenc.sty
Package: stringenc 2019/11/29 v1.12 Convert strings between diff. encodings (HO)
)
\@linkdim=\dimen311
\Hy@linkcounter=\count477
\Hy@pagecounter=\count478
 (/cvmfs/sft.cern.ch/lcg/external/texlive/2025/texmf-dist/tex/latex/hyperref/pd1enc.def
File: pd1enc.def 2025-06-21 v7.01n Hyperref: PDFDocEncoding definition (HO)
Now handling font encoding PD1 ...
... no UTF-8 mapping file for font encoding PD1
) (/cvmfs/sft.cern.ch/lcg/external/texlive/2025/texmf-dist/tex/generic/intcalc/intcalc.sty
Package: intcalc 2019/12/15 v1.3 Expandable calculations with integers (HO)
)
\Hy@SavedSpaceFactor=\count479
 (/cvmfs/sft.cern.ch/lcg/external/texlive/2025/texmf-dist/tex/latex/hyperref/puenc.def
File: puenc.def 2025-06-21 v7.01n Hyperref: PDF Unicode definition (HO)
Now handling font encoding PU ...
... no UTF-8 mapping file for font encoding PU
 (/cvmfs/sft.cern.ch/lcg/external/texlive/2025/texmf-dist/tex/latex/greek-fontenc/puenc-greek.def
File: puenc-greek.def 2023-09-12 2.5 Greek LICRs for PDF strings
 (/cvmfs/sft.cern.ch/lcg/external/texlive/2025/texmf-dist/tex/latex/greek-fontenc/greek-fontenc.def
File: greek-fontenc.def 2023-09-12 2.5 Common Greek font encoding definitions
)
LaTeX Encoding Info:    Redeclaring text command \textmu (encoding PU) on input line 179.
)
LaTeX Encoding Info:    Redeclaring text command \textohm (encoding PU) on input line 1176.
)
Package hyperref Info: Hyper figures OFF on input line 4181.
Package hyperref Info: Link nesting OFF on input line 4186.
Package hyperref Info: Hyper index ON on input line 4189.
Package hyperref Info: Plain pages OFF on input line 4196.
Package hyperref Info: Backreferencing OFF on input line 4201.
Package hyperref Info: Implicit mode ON; LaTeX internals redefined.
Package hyperref Info: Bookmarks ON on input line 4448.
\c@Hy@tempcnt=\count480
LaTeX Info: Redefining \url on input line 4787.
\XeTeXLinkMargin=\dimen312
 (/cvmfs/sft.cern.ch/lcg/external/texlive/2025/texmf-dist/tex/generic/bitset/bitset.sty
Package: bitset 2019/12/09 v1.3 Handle bit-vector datatype (HO)
 (/cvmfs/sft.cern.ch/lcg/external/texlive/2025/texmf-dist/tex/generic/bigintcalc/bigintcalc.sty
Package: bigintcalc 2019/12/15 v1.5 Expandable calculations on big integers (HO)
))
\Fld@menulength=\count481
\Field@Width=\dimen313
\Fld@charsize=\dimen314
Package hyperref Info: Hyper figures OFF on input line 6066.
Package hyperref Info: Link nesting OFF on input line 6071.
Package hyperref Info: Hyper index ON on input line 6074.
Package hyperref Info: backreferencing OFF on input line 6081.
Package hyperref Info: Link coloring OFF on input line 6086.
Package hyperref Info: Link coloring with OCG OFF on input line 6091.
Package hyperref Info: PDF/A mode OFF on input line 6096.
\Hy@abspage=\count482
\c@Item=\count483
\c@Hfootnote=\count484
)
Package hyperref Info: Driver (autodetected): hpdftex.
 (/cvmfs/sft.cern.ch/lcg/external/texlive/2025/texmf-dist/tex/latex/hyperref/hpdftex.def
File: hpdftex.def 2025-06-21 v7.01n Hyperref driver for pdfTeX
\Fld@listcount=\count485
\c@bookmark@seq@number=\count486
 (/cvmfs/sft.cern.ch/lcg/external/texlive/2025/texmf-dist/tex/latex/rerunfilecheck/rerunfilecheck.sty
Package: rerunfilecheck 2025-06-21 v1.11 Rerun checks for auxiliary files (HO)
 (/cvmfs/sft.cern.ch/lcg/external/texlive/2025/texmf-dist/tex/generic/uniquecounter/uniquecounter.sty
Package: uniquecounter 2019/12/15 v1.4 Provide unlimited unique counter (HO)
)
Package uniquecounter Info: New unique counter `rerunfilecheck' on input line 284.
)
\Hy@SectionHShift=\skip92
) (/cvmfs/sft.cern.ch/lcg/external/texlive/2025/texmf-dist/tex/latex/paralist/paralist.sty
Package: paralist 2017/01/22 v2.7 Extended list environments
\pltopsep=\skip93
\plpartopsep=\skip94
\plitemsep=\skip95
\plparsep=\skip96
\pl@lab=\toks48
) (/cvmfs/sft.cern.ch/lcg/external/texlive/2025/texmf-dist/tex/latex/multirow/multirow.sty
Package: multirow 2024/11/12 v2.9 Span multiple rows of a table
\multirow@colwidth=\skip97
\multirow@cntb=\count487
\multirow@dima=\skip98
\bigstrutjot=\dimen315
) (/cvmfs/sft.cern.ch/lcg/external/texlive/2025/texmf-dist/tex/latex/makecell/makecell.sty
Package: makecell 2009/08/03 V0.1e Managing of Tab Column Heads and Cells
\rotheadsize=\dimen316
\c@nlinenum=\count488
\TeXr@lab=\toks49
) (/cvmfs/sft.cern.ch/lcg/external/texlive/2025/texmf-dist/tex/latex/pdfpages/pdfpages.sty
Package: pdfpages 2025/03/12 v0.6f Insert pages of external PDF documents (AM)
 (/cvmfs/sft.cern.ch/lcg/external/texlive/2025/texmf-dist/tex/latex/tools/calc.sty
Package: calc 2025/03/01 v4.3b Infix arithmetic (KKT,FJ)
\calc@Acount=\count489
\calc@Bcount=\count490
\calc@Adimen=\dimen317
\calc@Bdimen=\dimen318
\calc@Askip=\skip99
\calc@Bskip=\skip100
LaTeX Info: Redefining \setlength on input line 86.
LaTeX Info: Redefining \addtolength on input line 87.
\calc@Ccount=\count491
\calc@Cskip=\skip101
) (/cvmfs/sft.cern.ch/lcg/external/texlive/2025/texmf-dist/tex/latex/eso-pic/eso-pic.sty
Package: eso-pic 2023/05/03 v3.0c eso-pic (RN)
\ESO@tempdima=\dimen319
\ESO@tempdimb=\dimen320
)
\AM@pagewidth=\dimen321
\AM@pageheight=\dimen322
\AM@fboxrule=\dimen323
 (/cvmfs/sft.cern.ch/lcg/external/texlive/2025/texmf-dist/tex/latex/pdfpages/pppdftex.def
File: pppdftex.def 2025/03/12 v0.6f Pdfpages driver for pdfTeX (AM)
)
\pdfpages@includegraphics@status=\count492
\AM@pagebox=\box72
\AM@global@opts=\toks50
\AM@pagecnt=\count493
\AM@toc@title=\toks51
\AM@lof@heading=\toks52
\c@AM@survey=\count494
\AM@templatesizebox=\box73
) (/cvmfs/sft.cern.ch/lcg/external/texlive/2025/texmf-dist/tex/latex/adjustbox/adjustbox.sty
Package: adjustbox 2025/02/26 v1.3c Adjusting TeX boxes (trim, clip, ...)
 (/cvmfs/sft.cern.ch/lcg/external/texlive/2025/texmf-dist/tex/latex/xkeyval/xkeyval.sty
Package: xkeyval 2022/06/16 v2.9 package option processing (HA)
 (/cvmfs/sft.cern.ch/lcg/external/texlive/2025/texmf-dist/tex/generic/xkeyval/xkeyval.tex (/cvmfs/sft.cern.ch/lcg/external/texlive/2025/texmf-dist/tex/generic/xkeyval/xkvutils.tex
\XKV@toks=\toks53
\XKV@tempa@toks=\toks54
)
\XKV@depth=\count495
File: xkeyval.tex 2014/12/03 v2.7a key=value parser (HA)
)) (/cvmfs/sft.cern.ch/lcg/external/texlive/2025/texmf-dist/tex/latex/adjustbox/adjcalc.sty
Package: adjcalc 2012/05/16 v1.1 Provides advanced setlength with multiple back-ends (calc, etex, pgfmath)
) (/cvmfs/sft.cern.ch/lcg/external/texlive/2025/texmf-dist/tex/latex/adjustbox/trimclip.sty
Package: trimclip 2025/02/21 v1.2a Trim and clip general TeX material
 (/cvmfs/sft.cern.ch/lcg/external/texlive/2025/texmf-dist/tex/latex/collectbox/collectbox.sty
Package: collectbox 2022/10/17 v0.4c Collect macro arguments as boxes
\collectedbox=\box74
)
\tc@llx=\dimen324
\tc@lly=\dimen325
\tc@urx=\dimen326
\tc@ury=\dimen327
Package trimclip Info: Using driver 'tc-pdftex.def'.
 (/cvmfs/sft.cern.ch/lcg/external/texlive/2025/texmf-dist/tex/latex/adjustbox/tc-pdftex.def
File: tc-pdftex.def 2025/02/26 v2.3 Clipping driver for pdftex
))
\adjbox@Width=\dimen328
\adjbox@Height=\dimen329
\adjbox@Depth=\dimen330
\adjbox@Totalheight=\dimen331
\adjbox@pwidth=\dimen332
\adjbox@pheight=\dimen333
\adjbox@pdepth=\dimen334
\adjbox@ptotalheight=\dimen335
 (/cvmfs/sft.cern.ch/lcg/external/texlive/2025/texmf-dist/tex/latex/ifoddpage/ifoddpage.sty
Package: ifoddpage 2022/10/18 v1.2 Conditionals for odd/even page detection
\c@checkoddpage=\count496
) (/cvmfs/sft.cern.ch/lcg/external/texlive/2025/texmf-dist/tex/latex/varwidth/varwidth.sty
Package: varwidth 2009/03/30 ver 0.92;  Variable-width minipages
\@vwid@box=\box75
\sift@deathcycles=\count497
\@vwid@loff=\dimen336
\@vwid@roff=\dimen337
)
==> First Aid for varwidth.sty applied!
) (/cvmfs/sft.cern.ch/lcg/external/texlive/2025/texmf-dist/tex/latex/tablefootnote/tablefootnote.sty
Package: tablefootnote 2014/01/26 v1.1c Table foot notes (HMM)
 (/cvmfs/sft.cern.ch/lcg/external/texlive/2025/texmf-dist/tex/latex/letltxmacro/letltxmacro.sty
Package: letltxmacro 2019/12/03 v1.6 Let assignment for LaTeX macros (HO)
) (/cvmfs/sft.cern.ch/lcg/external/texlive/2025/texmf-dist/tex/latex/xifthen/xifthen.sty
Package: xifthen 2015/11/05 v1.4.0 Extended ifthen features
 (/cvmfs/sft.cern.ch/lcg/external/texlive/2025/texmf-dist/tex/latex/ifmtarg/ifmtarg.sty
Package: ifmtarg 2018/04/16 v1.2b check for an empty argument
))) (/cvmfs/sft.cern.ch/lcg/external/texlive/2025/texmf-dist/tex/latex/footmisc/footmisc.sty
Package: footmisc 2025/05/09 v7.0b a miscellany of footnote facilities
\FN@temptoken=\toks55
\footnotemargin=\dimen338
Package footmisc Info: Declaring symbol style bringhurst on input line 549.
Package footmisc Info: Declaring symbol style chicago on input line 557.
Package footmisc Info: Declaring symbol style wiley on input line 566.
Package footmisc Info: Declaring symbol style lamport-robust on input line 577.
Package footmisc Info: Declaring symbol style lamport* on input line 597.
Package footmisc Info: Declaring symbol style lamport*-robust on input line 618.
) (/cvmfs/sft.cern.ch/lcg/external/texlive/2025/texmf-dist/tex/latex/threeparttable/threeparttable.sty
Package: threeparttable 2003/06/13  v 3.0
\@tempboxb=\box76
) (/cvmfs/sft.cern.ch/lcg/external/texlive/2025/texmf-dist/tex/latex/wrapfig/wrapfig.sty
\wrapoverhang=\dimen339
\WF@size=\dimen340
\c@WF@wrappedlines=\count498
\WF@box=\box77
\WF@everypar=\toks56
Package: wrapfig 2003/01/31  v 3.6
) (/cvmfs/sft.cern.ch/lcg/external/texlive/2025/texmf-dist/tex/latex/mhchem/mhchem.sty
Package: mhchem 2024/01/29 v4.10 for typesetting chemical formulae
 (/cvmfs/sft.cern.ch/lcg/external/texlive/2025/texmf-dist/tex/latex/l3packages/l3keys2e/l3keys2e.sty
Package: l3keys2e 2024-08-16 LaTeX2e option processing using LaTeX3 keys
) (/cvmfs/sft.cern.ch/lcg/external/texlive/2025/texmf-dist/tex/latex/amsmath/amsmath.sty
Package: amsmath 2025/06/16 v2.17y AMS math features
\@mathmargin=\skip102

For additional information on amsmath, use the `?' option.
(/cvmfs/sft.cern.ch/lcg/external/texlive/2025/texmf-dist/tex/latex/amsmath/amstext.sty
Package: amstext 2024/11/17 v2.01 AMS text
 (/cvmfs/sft.cern.ch/lcg/external/texlive/2025/texmf-dist/tex/latex/amsmath/amsgen.sty
File: amsgen.sty 1999/11/30 v2.0 generic functions
\@emptytoks=\toks57
\ex@=\dimen341
)) (/cvmfs/sft.cern.ch/lcg/external/texlive/2025/texmf-dist/tex/latex/amsmath/amsbsy.sty
Package: amsbsy 1999/11/29 v1.2d Bold Symbols
\pmbraise@=\dimen342
) (/cvmfs/sft.cern.ch/lcg/external/texlive/2025/texmf-dist/tex/latex/amsmath/amsopn.sty
Package: amsopn 2022/04/08 v2.04 operator names
)
\inf@bad=\count499
LaTeX Info: Redefining \frac on input line 233.
\uproot@=\count500
\leftroot@=\count501
LaTeX Info: Redefining \overline on input line 398.
LaTeX Info: Redefining \colon on input line 409.
\classnum@=\count502
\DOTSCASE@=\count503
LaTeX Info: Redefining \ldots on input line 495.
LaTeX Info: Redefining \dots on input line 498.
LaTeX Info: Redefining \cdots on input line 619.
\Mathstrutbox@=\box78
\strutbox@=\box79
LaTeX Info: Redefining \big on input line 721.
LaTeX Info: Redefining \Big on input line 722.
LaTeX Info: Redefining \bigg on input line 723.
LaTeX Info: Redefining \Bigg on input line 724.
\big@size=\dimen343
LaTeX Font Info:    Redeclaring font encoding OML on input line 742.
LaTeX Font Info:    Redeclaring font encoding OMS on input line 743.
\macc@depth=\count504
LaTeX Info: Redefining \bmod on input line 904.
LaTeX Info: Redefining \pmod on input line 909.
LaTeX Info: Redefining \smash on input line 939.
LaTeX Info: Redefining \relbar on input line 969.
LaTeX Info: Redefining \Relbar on input line 970.
\c@MaxMatrixCols=\count505
\dotsspace@=\muskip22
\c@parentequation=\count506
\dspbrk@lvl=\count507
\tag@help=\toks58
\row@=\count508
\column@=\count509
\maxfields@=\count510
\andhelp@=\toks59
\eqnshift@=\dimen344
\alignsep@=\dimen345
\tagshift@=\dimen346
\tagwidth@=\dimen347
\totwidth@=\dimen348
\lineht@=\dimen349
\@envbody=\toks60
\multlinegap=\skip103
\multlinetaggap=\skip104
\mathdisplay@stack=\toks61
LaTeX Info: Redefining \[ on input line 2949.
LaTeX Info: Redefining \] on input line 2950.
) (/cvmfs/sft.cern.ch/lcg/external/texlive/2025/texmf-dist/tex/latex/chemgreek/chemgreek.sty
Package: chemgreek 2020/01/16 v1.1a interface for upright Greek letters for use in chemistry (CN)
\l__chemgreek_tmpa_int=\count511
\g__chemgreek_tmpa_int=\count512
)
\l__mhchem_ce_distanceFromLastComma_int=\count513
\__mhchem_arrow_extPgfLength_skip=\skip105
\mhchem@minispace@tmp=\skip106
\mhchem@minibackspace@tmp=\skip107
\mhchem@bondwidth=\skip108
\mhchem@bondheight=\skip109
\mhchem@smallbondwidth@tmpA=\skip110
\mhchem@smallbondwidth@tmpB=\skip111
\mhchem@smallbondwidth=\skip112
\mhchem@bondtmp@minussidebearingleft=\skip113
\mhchem@bondtmp@minussidebearingright=\skip114
\l__mhchem_option_version_int=\count514
\mhchem@option@minusmathsidebearingleft=\dimen350
\mhchem@option@minusmathsidebearingright=\dimen351
\mhchem@option@minustextsidebearingleft=\dimen352
\mhchem@option@minustextsidebearingright=\dimen353
) (/cvmfs/sft.cern.ch/lcg/external/texlive/2025/texmf-dist/tex/latex/siunitx/siunitx.sty
Package: siunitx 2025-05-22 v3.4.12 A comprehensive (SI) units package
\l__siunitx_number_uncert_offset_int=\count515
\l__siunitx_number_exponent_fixed_int=\count516
\l__siunitx_number_min_decimal_int=\count517
\l__siunitx_number_min_integer_int=\count518
\l__siunitx_number_round_precision_int=\count519
\l__siunitx_number_lower_threshold_int=\count520
\l__siunitx_number_upper_threshold_int=\count521
\l__siunitx_number_group_first_int=\count522
\l__siunitx_number_group_size_int=\count523
\l__siunitx_number_group_minimum_int=\count524
\l__siunitx_angle_tmp_dim=\dimen354
\l__siunitx_angle_marker_box=\box80
\l__siunitx_angle_unit_box=\box81
\l__siunitx_compound_count_int=\count525
 (/cvmfs/sft.cern.ch/lcg/external/texlive/2025/texmf-dist/tex/latex/translations/translations.sty
Package: translations 2022/02/05 v1.12 internationalization of LaTeX2e packages (CN)
)
\l__siunitx_table_tmp_box=\box82
\l__siunitx_table_tmp_dim=\dimen355
\l__siunitx_table_column_width_dim=\dimen356
\l__siunitx_table_integer_box=\box83
\l__siunitx_table_decimal_box=\box84
\l__siunitx_table_uncert_box=\box85
\l__siunitx_table_before_box=\box86
\l__siunitx_table_after_box=\box87
\l__siunitx_table_before_dim=\dimen357
\l__siunitx_table_carry_dim=\dimen358
\l__siunitx_unit_tmp_int=\count526
\l__siunitx_unit_position_int=\count527
\l__siunitx_unit_total_int=\count528

Package siunitx Info: Option "separate-uncertainty" has been deprecated in
(siunitx)             this release.
(siunitx)             
(siunitx)             Use "uncertainty-mode = separate" as a replacement.

) (/cvmfs/sft.cern.ch/lcg/external/texlive/2025/texmf-dist/tex/latex/caption/subcaption.sty
Package: subcaption 2023/07/28 v1.6b Sub-captions (AR)
Package caption Info: New subtype `subfigure' on input line 238.
\c@subfigure=\count529
Package caption Info: New subtype `subtable' on input line 238.
\c@subtable=\count530
) (/cvmfs/sft.cern.ch/lcg/external/texlive/2025/texmf-dist/tex/latex/float/float.sty
Package: float 2001/11/08 v1.3d Float enhancements (AL)
\c@float@type=\count531
\float@exts=\toks62
\float@box=\box88
\@float@everytoks=\toks63
\@floatcapt=\box89
) (/cvmfs/sft.cern.ch/lcg/external/texlive/2025/texmf-dist/tex/latex/floatbytocbasic/floatbytocbasic.sty
Package: floatbytocbasic 2023-08-16 v1.0 improved float package using tocbasic
 (/cvmfs/sft.cern.ch/lcg/external/texlive/2025/texmf-dist/tex/latex/xpatch/xpatch.sty
Package: xpatch 2020/03/25 v0.3a Extending etoolbox patching commands
)) (/cvmfs/sft.cern.ch/lcg/external/texlive/2025/texmf-dist/tex/latex/amsfonts/amssymb.sty
Package: amssymb 2013/01/14 v3.01 AMS font symbols
 (/cvmfs/sft.cern.ch/lcg/external/texlive/2025/texmf-dist/tex/latex/amsfonts/amsfonts.sty
Package: amsfonts 2013/01/14 v3.01 Basic AMSFonts support
\symAMSa=\mathgroup5
\symAMSb=\mathgroup6
LaTeX Font Info:    Redeclaring math symbol \hbar on input line 98.
LaTeX Font Info:    Overwriting math alphabet `\mathfrak' in version `bold'
(Font)                  U/euf/m/n --> U/euf/b/n on input line 106.
)) (/cvmfs/sft.cern.ch/lcg/external/texlive/2025/texmf-dist/tex/latex/mathtools/mathtools.sty
Package: mathtools 2024/10/04 v1.31 mathematical typesetting tools
 (/cvmfs/sft.cern.ch/lcg/external/texlive/2025/texmf-dist/tex/latex/mathtools/mhsetup.sty
Package: mhsetup 2021/03/18 v1.4 programming setup (MH)
)
\g_MT_multlinerow_int=\count532
\l_MT_multwidth_dim=\dimen359
\origjot=\skip115
\l_MT_shortvdotswithinadjustabove_dim=\dimen360
\l_MT_shortvdotswithinadjustbelow_dim=\dimen361
\l_MT_above_intertext_sep=\dimen362
\l_MT_below_intertext_sep=\dimen363
\l_MT_above_shortintertext_sep=\dimen364
\l_MT_below_shortintertext_sep=\dimen365
\xmathstrut@box=\box90
\xmathstrut@dim=\dimen366
) (/cvmfs/sft.cern.ch/lcg/external/texlive/2025/texmf-dist/tex/latex/placeins/placeins.sty
Package: placeins 2005/04/18  v 2.2
) (/cvmfs/sft.cern.ch/lcg/external/texlive/2025/texmf-dist/tex/latex/tools/verbatim.sty
Package: verbatim 2024-01-22 v1.5x LaTeX2e package for verbatim enhancements
\every@verbatim=\toks64
\verbatim@line=\toks65
\verbatim@in@stream=\read5
) (/cvmfs/sft.cern.ch/lcg/external/texlive/2025/texmf-dist/tex/latex/eurosym/eurosym.sty
Package: eurosym 1998/08/06 v1.1 European currency symbol ``Euro''
\@eurobox=\box91
)
\longest=\skip116
Package scrkbase Info: You've told me to redefine the font selection of the
(scrkbase)             element `dictumtext' that is an alias of element
(scrkbase)             `dictum' on input line 58.
 (/cvmfs/sft.cern.ch/lcg/external/texlive/2025/texmf-dist/tex/latex/psnfss/pifont.sty
Package: pifont 2020/03/25 PSNFSS-v9.3 Pi font support (SPQR) 
LaTeX Font Info:    Trying to load font information for U+pzd on input line 63.
 (/cvmfs/sft.cern.ch/lcg/external/texlive/2025/texmf-dist/tex/latex/psnfss/upzd.fd
File: upzd.fd 2001/06/04 font definitions for U/pzd.
)
LaTeX Font Info:    Trying to load font information for U+psy on input line 64.
 (/cvmfs/sft.cern.ch/lcg/external/texlive/2025/texmf-dist/tex/latex/psnfss/upsy.fd
File: upsy.fd 2001/06/04 font definitions for U/psy.
)) (/cvmfs/sft.cern.ch/lcg/external/texlive/2025/texmf-dist/tex/latex/glossaries/base/glossaries.sty
Package: glossaries 2025/05/14 v4.7 (NLCT)
 (/cvmfs/sft.cern.ch/lcg/external/texlive/2025/texmf-dist/tex/latex/mfirstuc/mfirstuc.sty
Package: mfirstuc 2025/04/03 v2.09 (NLCT)
\@glsmfirst=\toks66
\@glsmrest=\toks67
) (/cvmfs/sft.cern.ch/lcg/external/texlive/2025/texmf-dist/tex/latex/xfor/xfor.sty
Package: xfor 2009/02/05 v1.05 (NLCT)
) (/cvmfs/sft.cern.ch/lcg/external/texlive/2025/texmf-dist/tex/latex/tracklang/tracklang.sty
Package: tracklang 2025/03/11 v1.6.6 (NLCT) Track Languages
 (/cvmfs/sft.cern.ch/lcg/external/texlive/2025/texmf-dist/tex/generic/tracklang/tracklang.tex)
Package tracklang Info: Tracking dialect `english' (language `english') on input line 264.
Package tracklang Info: Tracking dialect `english' (language `english') on input line 264.
) (/cvmfs/sft.cern.ch/lcg/external/texlive/2025/texmf-dist/tex/latex/translator/translator.sty
Package: translator 2021-05-31 v1.12d Easy translation of strings in LaTeX
) (/cvmfs/sft.cern.ch/lcg/external/texlive/2025/texmf-dist/tex/latex/glossaries-english/glossaries-english.ldf
File: glossaries-english.ldf 2014/11/23 v1.0
) (/cvmfs/sft.cern.ch/lcg/external/texlive/2025/texmf-dist/tex/latex/datatool/datatool-base.sty
Package: datatool-base 2025/04/25 v3.4.1 (NLCT)
 (/cvmfs/sft.cern.ch/lcg/external/texlive/2025/texmf-dist/tex/latex/datatool/datatool-l3fp.def
File: datatool-l3fp.def 2025/04/25 v3.4.1 (NLCT)
)
\@dtl@toks=\toks68
\@dtl@tmpcount=\count533
\dtl@tmplength=\skip117
\l__datatool_measure_box=\box92
\dtl@sortresult=\count534
 (/cvmfs/sft.cern.ch/lcg/external/texlive/2025/texmf-dist/tex/latex/datatool/datatool-utf8.ldf
File: datatool-utf8.ldf 2025/04/25 v3.4.1 (NLCT)
)
\@dtl@datatype=\count535
\l__datatool_tmpa_int=\count536
\l__datatool_tmpb_int=\count537
\l__datatool_tmpc_int=\count538
\l__datatool_tmpd_int=\count539
\l__datatool_count_int=\count540
\l__datatool_tmp_datatype_int=\count541
\l__datatool_tmpa_dim=\dimen367
\l__datatool_tmpb_dim=\dimen368
\c_datatool_unknown_int=\count542
\l__datatool_year_int=\count543
\l__datatool_month_int=\count544
\l__datatool_day_int=\count545
\l__datatool_hour_int=\count546
\l__datatool_minute_int=\count547
\l__datatool_second_int=\count548
\l__datatool_tzhour_int=\count549
\l__datatool_tzminute_int=\count550
\l__datatool_julian_int=\count551
\l__datatool_local_julian_int=\count552
\l__datatool_prefix_int=\count553
\l__datatool_suffix_int=\count554
\@dtl@foreach@level=\count555
 (/cvmfs/sft.cern.ch/lcg/external/texlive/2025/texmf-dist/tex/latex/datatool-english/datatool-english.ldf
File: datatool-english.ldf 2025/03/12 v1.1 (NLCT)
 (/cvmfs/sft.cern.ch/lcg/external/texlive/2025/texmf-dist/tex/latex/datatool-english/datatool-english-utf8.ldf
File: datatool-english-utf8.ldf 2025/03/12 v1.1 (NLCT)
))
\dtl@codeA=\count556
\dtl@codeB=\count557
)
\gls@level=\count558
\@gls@tmpb=\toks69
\gls@tmplen=\skip118
\l__glossaries_tmpa_dim=\dimen369
\l__glossaries_tmpb_dim=\dimen370
\glskeylisttok=\toks70
\glslabeltok=\toks71
\glsshorttok=\toks72
\glslongtok=\toks73
 (/cvmfs/sft.cern.ch/lcg/external/texlive/2025/texmf-dist/tex/latex/glossaries/styles/glossary-hypernav.sty
Package: glossary-hypernav 2025/05/14 v4.7 (NLCT)
) (/cvmfs/sft.cern.ch/lcg/external/texlive/2025/texmf-dist/tex/latex/glossaries/styles/glossary-list.sty
Package: glossary-list 2025/05/14 v4.7 (NLCT)
\glslistdottedwidth=\skip119
) (/cvmfs/sft.cern.ch/lcg/external/texlive/2025/texmf-dist/tex/latex/glossaries/styles/glossary-long.sty
Package: glossary-long 2025/05/14 v4.7 (NLCT)
 (/cvmfs/sft.cern.ch/lcg/external/texlive/2025/texmf-dist/tex/latex/tools/longtable.sty
Package: longtable 2024-12-18 v4.23 Multi-page Table package (DPC)
\LTleft=\skip120
\LTright=\skip121
\LTpre=\skip122
\LTpost=\skip123
\LTchunksize=\count559
\LTcapwidth=\dimen371
\LT@head=\box93
\LT@firsthead=\box94
\LT@foot=\box95
\LT@lastfoot=\box96
\LT@gbox=\box97
\LT@cols=\count560
\LT@rows=\count561
\c@LT@tables=\count562
\c@LT@chunks=\count563
\LT@p@ftn=\toks74
)
Class scrbook Info: longtable captions redefined on input line 47.
\glsdescwidth=\skip124
\glspagelistwidth=\skip125
) (/cvmfs/sft.cern.ch/lcg/external/texlive/2025/texmf-dist/tex/latex/glossaries/styles/glossary-super.sty
Package: glossary-super 2025/05/14 v4.7 (NLCT)
 (/cvmfs/sft.cern.ch/lcg/external/texlive/2025/texmf-dist/tex/latex/supertabular/supertabular.sty
Package: supertabular 2024/07/20 v4.2c the supertabular environment
\c@tracingst=\count564
\ST@wd=\dimen372
\ST@rightskip=\skip126
\ST@leftskip=\skip127
\ST@parfillskip=\skip128
\ST@pageleft=\dimen373
\ST@headht=\dimen374
\ST@tailht=\dimen375
\ST@pagesofar=\dimen376
\ST@pboxht=\dimen377
\ST@rowht=\dimen378
\ST@prevht=\dimen379
\ST@toadd=\dimen380
\ST@dimen=\dimen381
\ST@pbox=\box98
)) (/cvmfs/sft.cern.ch/lcg/external/texlive/2025/texmf-dist/tex/latex/glossaries/styles/glossary-tree.sty
Package: glossary-tree 2025/05/14 v4.7 (NLCT)
\l__glossaries_tree_max_known_level_int=\count565
\l__glossaries_tree_offset_dim=\dimen382
\l__glossaries_tree_namewidth_dim=\dimen383
\l__glossaries_tree_symbolwidth_dim=\dimen384
\l__glossaries_tree_prenamesym_width_dim=\dimen385
\l__glossaries_tree_presubnamesym_width_dim=\dimen386
\l__glossaries_tree_namewidth_padding_dim=\dimen387
\l__glossaries_tree_symbolwidth_padding_dim=\dimen388
\l__glossaries_tree_namesymbolwidth_dim=\dimen389
\l__glossaries_tree_namesymbolwidth_padding_dim=\dimen390
\l__glossaries_tree_level_int=\count566
\glstreeindent=\skip129
)) (/cvmfs/sft.cern.ch/lcg/external/texlive/2025/texmf-dist/tex/latex/acronym/acronym.sty
Package: acronym 2025/01/17 v1.50 Support for acronyms (Tobias Oetiker)
 (/cvmfs/sft.cern.ch/lcg/external/texlive/2025/texmf-dist/tex/latex/bigfoot/suffix.sty
Package: suffix 2006/07/15 1.5a Variant command support
) (/cvmfs/sft.cern.ch/lcg/external/texlive/2025/texmf-dist/tex/generic/xstring/xstring.sty (/cvmfs/sft.cern.ch/lcg/external/texlive/2025/texmf-dist/tex/generic/xstring/xstring.tex
\xs_counta=\count567
\xs_countb=\count568
)
Package: xstring 2023/08/22 v1.86 String manipulations (CT)
)
\AC@clearlist=\toks75
))
Package csquotes Info: Checking for multilingual support...
Package csquotes Info: ... found 'babel' package.
Class scrbook Info: loading recommended package `bookmark'.
(scrbook)           Using `bookmark' together with `hyperref' is recommended,
(scrbook)           because of handling of possible bookmark level gaps.
(scrbook)           You can avoid loading `bookmark' with KOMA-Script option
(scrbook)           `bookmarkpackage=false' before \begin{document} and
(scrbook)           you can avoid this message adding:
(scrbook)             \usepackage{bookmark}
(scrbook)           before \begin{document} on input line 19.
 (/cvmfs/sft.cern.ch/lcg/external/texlive/2025/texmf-dist/tex/latex/bookmark/bookmark.sty
Package: bookmark 2023-12-10 v1.31 PDF bookmarks (HO)
 (/cvmfs/sft.cern.ch/lcg/external/texlive/2025/texmf-dist/tex/latex/bookmark/bkm-pdftex.def
File: bkm-pdftex.def 2023-12-10 v1.31 bookmark driver for pdfTeX and luaTeX (HO)
\BKM@id=\count569
))
LaTeX Font Info:    Trying to load font information for T1+pplx on input line 19.
 (/cvmfs/sft.cern.ch/lcg/external/texlive/2025/texmf-dist/tex/latex/psnfss/t1pplx.fd
File: t1pplx.fd 2004/09/06 font definitions for T1/pplx.
) (./main.aux

LaTeX Warning: Label `chap:chapter 2' multiply defined.

)
\openout1 = `main.aux'.

LaTeX Font Info:    Checking defaults for OML/cmm/m/it on input line 19.
LaTeX Font Info:    ... okay on input line 19.
LaTeX Font Info:    Checking defaults for OMS/cmsy/m/n on input line 19.
LaTeX Font Info:    ... okay on input line 19.
LaTeX Font Info:    Checking defaults for OT1/cmr/m/n on input line 19.
LaTeX Font Info:    ... okay on input line 19.
LaTeX Font Info:    Checking defaults for T1/cmr/m/n on input line 19.
LaTeX Font Info:    ... okay on input line 19.
LaTeX Font Info:    Checking defaults for TS1/cmr/m/n on input line 19.
LaTeX Font Info:    ... okay on input line 19.
LaTeX Font Info:    Checking defaults for OMX/cmex/m/n on input line 19.
LaTeX Font Info:    ... okay on input line 19.
LaTeX Font Info:    Checking defaults for U/cmr/m/n on input line 19.
LaTeX Font Info:    ... okay on input line 19.
LaTeX Font Info:    Checking defaults for LGR/cmr/m/n on input line 19.
LaTeX Font Info:    Trying to load font information for LGR+cmr on input line 19.
 (/cvmfs/sft.cern.ch/lcg/external/texlive/2025/texmf-dist/tex/latex/cbfonts-fd/lgrcmr.fd
File: lgrcmr.fd 2017/07/29 v1.2 Greek European Computer Regular
)
LaTeX Font Info:    ... okay on input line 19.
LaTeX Font Info:    Checking defaults for PD1/pdf/m/n on input line 19.
LaTeX Font Info:    ... okay on input line 19.
LaTeX Font Info:    Checking defaults for PU/pdf/m/n on input line 19.
LaTeX Font Info:    ... okay on input line 19.
Package nag Info: pgf.sty is broken: disabling dollar check on input line 19.
Package nag Info: Command \bf not defined, skipping amendment on input line 19.
Package nag Info: Command \it not defined, skipping amendment on input line 19.
Package nag Info: Command \rm not defined, skipping amendment on input line 19.
Package nag Info: Command \sc not defined, skipping amendment on input line 19.
Package nag Info: Command \sf not defined, skipping amendment on input line 19.
Package nag Info: Command \sl not defined, skipping amendment on input line 19.
Package nag Info: Command \tt not defined, skipping amendment on input line 19.
Package nag Info: Command \RaggedLeft not defined, skipping amendment on input line 19.
Package nag Info: Command \RaggedRight not defined, skipping amendment on input line 19.
Package scrbase Info: activating english \partname on input line 19.
Package scrbase Info: activating english \chaptername on input line 19.
Package scrbase Info: activating english \appendixname on input line 19.
Package scrbase Info: activating english \figurename on input line 19.
Package scrbase Info: activating english \tablename on input line 19.
Package scrbase Info: activating english \contentsname on input line 19.
Package scrbase Info: activating english \listfigurename on input line 19.
Package scrbase Info: activating english \listtablename on input line 19.
Package scrbase Info: activating english \bibname on input line 19.
Package scrbase Info: activating english \indexname on input line 19.
Package biblatex Info: Trying to load language 'english'...
Package biblatex Info: ... file 'english.lbx' found.
 (/cvmfs/sft.cern.ch/lcg/external/texlive/2025/texmf-dist/tex/latex/biblatex/lbx/english.lbx
File: english.lbx 2024/03/21 v3.20 biblatex localization (PK/MW)
)
Package biblatex Info: Trying to load language 'ngerman'...
Package biblatex Info: ... file 'ngerman.lbx' found.
 (/cvmfs/sft.cern.ch/lcg/external/texlive/2025/texmf-dist/tex/latex/biblatex/lbx/ngerman.lbx
File: ngerman.lbx 2024/03/21 v3.20 biblatex localization (PK/MW)
Package biblatex Info: Trying to load language 'german'...
Package biblatex Info: ... file 'german.lbx' found.
 (/cvmfs/sft.cern.ch/lcg/external/texlive/2025/texmf-dist/tex/latex/biblatex/lbx/german.lbx
File: german.lbx 2024/03/21 v3.20 biblatex localization (PK/MW)
)
Package biblatex Info: Trying to load language 'german'...
Package biblatex Info: ... file 'german.lbx' found.
 (/cvmfs/sft.cern.ch/lcg/external/texlive/2025/texmf-dist/tex/latex/biblatex/lbx/german.lbx
File: german.lbx 2024/03/21 v3.20 biblatex localization (PK/MW)
))
Package biblatex Info: Input encoding 'utf8' detected.
Package biblatex Info: Automatic encoding selection.
(biblatex)             Assuming data encoding 'utf8'.
\openout3 = `main.bcf'.

Package biblatex Info: Trying to load bibliographic data...
Package biblatex Info: ... file 'main.bbl' found.
 (./main.bbl

Package biblatex Warning: Biber reported the following issues
(biblatex)                with 'LHC':
(biblatex)                - online entry 'LHC' (bibliography.bib): Invalid format '16.07.2026' of date field 'urldate' - ignoring.


Package biblatex Warning: Biber reported the following issues
(biblatex)                with 'setup':
(biblatex)                - online entry 'setup' (bibliography.bib): Invalid format '16.07.2026' of date field 'urldate' - ignoring.

)
Package biblatex Info: Reference section=0 on input line 19.
Package biblatex Info: Reference segment=0 on input line 19.
 (/cvmfs/sft.cern.ch/lcg/external/texlive/2025/texmf-dist/tex/context/base/mkii/supp-pdf.mkii
[Loading MPS to PDF converter (version 2006.09.02).]
\scratchcounter=\count570
\scratchdimen=\dimen391
\scratchbox=\box99
\nofMPsegments=\count571
\nofMParguments=\count572
\everyMPshowfont=\toks76
\MPscratchCnt=\count573
\MPscratchDim=\dimen392
\MPnumerator=\count574
\makeMPintoPDFobject=\count575
\everyMPtoPDFconversion=\toks77
) (/cvmfs/sft.cern.ch/lcg/external/texlive/2025/texmf-dist/tex/latex/epstopdf-pkg/epstopdf-base.sty
Package: epstopdf-base 2020-01-24 v2.11 Base part for package epstopdf
Package epstopdf-base Info: Redefining graphics rule for `.eps' on input line 485.
 (/cvmfs/sft.cern.ch/lcg/external/texlive/2025/texmf-dist/tex/latex/latexconfig/epstopdf-sys.cfg
File: epstopdf-sys.cfg 2010/07/13 v1.3 Configuration of (r)epstopdf for TeX Live
))
\c@lstlisting=\count576
Package tocbasic Info: setting babel extension for `lol' on input line 19.
\scr@dte@lstlisting@maxnumwidth=\skip130


Package tikz-feynman Warning: LuaTeX is required if you wish to have vertices automatically placed. You can disable this warning by setting /tikzfeynman/warn luatex=false on input line 19.

Package pgfplots notification 'compat/show suggested version=true': document has been generated with the most recent feature set (\pgfplotsset{compat=1.18}).

Package microtype Info: Patching varwidth to enable character protrusion.
\MT@vwid@leftmargin=\dimen393
\MT@vwid@rightmargin=\dimen394
LaTeX Info: Redefining \microtypecontext on input line 19.
Package microtype Info: Applying patch `item' on input line 19.
Package microtype Info: Applying patch `toc' on input line 19.
Package microtype Info: Applying patch `eqnum' on input line 19.

Package microtype Warning: Unable to apply patch `footnote' on input line 19.

Package microtype Info: Applying patch `verbatim' on input line 19.
LaTeX Info: Redefining \microtypesetup on input line 19.
Package microtype Info: Generating PDF output.
Package microtype Info: Character protrusion enabled (level 2).
Package microtype Info: Using default protrusion set `alltext'.
Package microtype Info: Automatic font expansion enabled (level 2),
(microtype)             stretch: 20, shrink: 20, step: 1, non-selected.
Package microtype Info: Using default expansion set `alltext-nott'.

LaTeX Warning: Command \showhyphens   has changed.
               Check if current package is valid.

LaTeX Info: Redefining \showhyphens on input line 19.
Package microtype Info: No adjustment of tracking.
Package microtype Info: No adjustment of interword spacing.
Package microtype Info: No adjustment of character kerning.
(/cvmfs/sft.cern.ch/lcg/external/texlive/2025/texmf-dist/tex/latex/microtype/mt-ppl.cfg
File: mt-ppl.cfg 2005/11/16 v1.6 microtype config. file: Palatino (RS)
)
Package caption Info: Begin \AtBeginDocument code.
Package caption Info: float package is loaded.
Package caption Info: hyperref package is loaded.
Package caption Info: longtable package is loaded.
 (/cvmfs/sft.cern.ch/lcg/external/texlive/2025/texmf-dist/tex/latex/caption/ltcaption.sty
Package: ltcaption 2021/01/08 v1.4c longtable captions (AR)
)
Package caption Info: supertabular package is loaded.
Package caption Info: threeparttable package is loaded.
Package caption Info: wrapfig package is loaded.
Package caption Info: End \AtBeginDocument code.
Package hyperref Info: Link coloring OFF on input line 19.
 (/cvmfs/sft.cern.ch/lcg/external/texlive/2025/texmf-dist/tex/latex/pdflscape/pdflscape.sty
Package: pdflscape 2025-06-23 v0.14 Display of landscape pages in PDF
 (/cvmfs/sft.cern.ch/lcg/external/texlive/2025/texmf-dist/tex/latex/pdflscape/pdflscape-nometadata.sty
Package: pdflscape-nometadata 2025-06-23 v0.14 Display of landscape pages in PDF (HO)
 (/cvmfs/sft.cern.ch/lcg/external/texlive/2025/texmf-dist/tex/latex/graphics/lscape.sty
Package: lscape 2020/05/28 v3.02 Landscape Pages (DPC)
) (/cvmfs/sft.cern.ch/lcg/external/texlive/2025/texmf-dist/tex/latex/lscapeenhanced/lscapeenhanced.sty
Package: lscapeenhanced 2024-04-16 v1.0 improved lscape package
Package lscapeenhanced Info: \landscape patched to make \textheight change optional on input line 72.
\@lscapeenhanced@textheight=\skip131
)
Package pdflscape Info: Auto-detected driver: pdftex on input line 81.
))

Package chemgreek Info: Activating mapping `textalpha' on line 19.

 (/cvmfs/sft.cern.ch/lcg/external/texlive/2025/texmf-dist/tex/latex/translations/translations-basic-dictionary-english.trsl
File: translations-basic-dictionary-english.trsl (english translation file `translations-basic-dictionary')
)
Package translations Info: loading dictionary `translations-basic-dictionary' for `english'. on input line 19.
Package nag Info: Command \hc@caption not defined, skipping amendment on input line 19.
 (./pages/title.tex
<logos/tum.pdf, id=7, 54.02504pt x 28.452pt>
File: logos/tum.pdf Graphic file (type pdf)
<use logos/tum.pdf>
Package pdftex.def Info: logos/tum.pdf  used on input line 8.
(pdftex.def)             Requested size: 108.06296pt x 56.9055pt.
 (/cvmfs/sft.cern.ch/lcg/external/texlive/2025/texmf-dist/tex/generic/babel/locale/de/babel-ngerman.tex)
Package babel Info: Importing data for ngerman
(babel)             from babel-de.ini. Reported on input line 33.
LaTeX Font Info:    Trying to load font information for OT1+pplx on input line 37.
 (/cvmfs/sft.cern.ch/lcg/external/texlive/2025/texmf-dist/tex/latex/psnfss/ot1pplx.fd
File: ot1pplx.fd 2004/09/06 font definitions for OT1/pplx.
)
LaTeX Font Info:    Trying to load font information for OML+zplm on input line 37.
 (/cvmfs/sft.cern.ch/lcg/external/texlive/2025/texmf-dist/tex/latex/psnfss/omlzplm.fd
File: omlzplm.fd 2002/09/08 Fontinst v1.914 font definitions for OML/zplm.
)
LaTeX Font Info:    Trying to load font information for OMS+zplm on input line 37.
 (/cvmfs/sft.cern.ch/lcg/external/texlive/2025/texmf-dist/tex/latex/psnfss/omszplm.fd
File: omszplm.fd 2002/09/08 Fontinst v1.914 font definitions for OMS/zplm.
)
LaTeX Font Info:    Trying to load font information for OMX+zplm on input line 37.
 (/cvmfs/sft.cern.ch/lcg/external/texlive/2025/texmf-dist/tex/latex/psnfss/omxzplm.fd
File: omxzplm.fd 2002/09/08 Fontinst v1.914 font definitions for OMX/zplm.
)
LaTeX Font Info:    Trying to load font information for OT1+zplm on input line 37.
 (/cvmfs/sft.cern.ch/lcg/external/texlive/2025/texmf-dist/tex/latex/psnfss/ot1zplm.fd
File: ot1zplm.fd 2002/09/08 Fontinst v1.914 font definitions for OT1/zplm.
)
Package microtype Info: Loading generic protrusion settings for font family
(microtype)             `zplm' (encoding: OT1).
(microtype)             For optimal results, create family-specific settings.
(microtype)             See the microtype manual for details.
LaTeX Font Info:    Font shape `U/msa/m/n' will be
(Font)              scaled to size 11.40997pt on input line 37.
 (/cvmfs/sft.cern.ch/lcg/external/texlive/2025/texmf-dist/tex/latex/microtype/mt-msa.cfg
File: mt-msa.cfg 2006/02/04 v1.1 microtype config. file: AMS symbols (a) (RS)
)
LaTeX Font Info:    Font shape `U/msa/m/n' will be
(Font)              scaled to size 8.33606pt on input line 37.
LaTeX Font Info:    Font shape `U/msa/m/n' will be
(Font)              scaled to size 6.25204pt on input line 37.
LaTeX Font Info:    Font shape `U/msb/m/n' will be
(Font)              scaled to size 11.40997pt on input line 37.
 (/cvmfs/sft.cern.ch/lcg/external/texlive/2025/texmf-dist/tex/latex/microtype/mt-msb.cfg
File: mt-msb.cfg 2005/06/01 v1.0 microtype config. file: AMS symbols (b) (RS)
)
LaTeX Font Info:    Font shape `U/msb/m/n' will be
(Font)              scaled to size 8.33606pt on input line 37.
LaTeX Font Info:    Font shape `U/msb/m/n' will be
(Font)              scaled to size 6.25204pt on input line 37.
<logos/faculty.png, id=8, 411.5375pt x 411.5375pt>
File: logos/faculty.png Graphic file (type png)
<use logos/faculty.png>
Package pdftex.def Info: logos/faculty.png  used on input line 48.
(pdftex.def)             Requested size: 56.90526pt x 56.9055pt.


[1




{/cvmfs/sft.cern.ch/lcg/external/texlive/2025/texmf-var/fonts/map/pdftex/updmap/pdftex.map}{/cvmfs/sft.cern.ch/lcg/external/texlive/2025/texmf-dist/fonts/enc/dvips/base/8r.enc} <./logos/tum.pdf> <./logos/faculty.png>]) (./pages/abstract.tex
chapter without number
Package microtype Info: Loading generic protrusion settings for font family
(microtype)             `cmss' (encoding: T1).
(microtype)             For optimal results, create family-specific settings.
(microtype)             See the microtype manual for details.

Underfull \hbox (badness 10000) in paragraph at lines 2--3

 []

) (./pages/Preface.tex

[2


{/cvmfs/sft.cern.ch/lcg/external/texlive/2025/texmf-dist/fonts/enc/dvips/cm-super/cm-super-t1.enc}]
chapter without number
)

[3


]
Package tocbasic Info: character protrusion at toc deactivated on input line 28.
 (./main.toc)
\tf@toc=\write5
\openout5 = `main.toc'.



[4




]

LaTeX Font Info:    Font shape `T1/pplx/m/sl' in size <10.95> not available
(Font)              Font shape `T1/pplx/m/it' tried instead on input line 31.
[5] (./chapters/Introduction.tex
chapter 1.
Package acronym Info: Label `acro:QED' newly defined as it shall be overridden
although it is yet undefined on input line 13.


[1



]) (./chapters/The AMBER Experiment.tex

[2]
chapter 2.
<figures/Cern-accelerator-complex.pdf, id=132, 1049.69754pt x 683.32425pt>
File: figures/Cern-accelerator-complex.pdf Graphic file (type pdf)
<use figures/Cern-accelerator-complex.pdf>
Package pdftex.def Info: figures/Cern-accelerator-complex.pdf  used on input line 10.
(pdftex.def)             Requested size: 358.50612pt x 233.36983pt.
Package acronym Info: Label `acro:PRM' newly defined as it shall be overridden
although it is yet undefined on input line 15.


[3


 <./figures/Cern-accelerator-complex.pdf>]
Package acronym Info: Label `acro:TPC' newly defined as it shall be overridden
although it is yet undefined on input line 20.
<figures/setup.pdf, id=189, 554.66891pt x 205.91904pt>
File: figures/setup.pdf Graphic file (type pdf)
<use figures/setup.pdf>
Package pdftex.def Info: figures/setup.pdf  used on input line 28.
(pdftex.def)             Requested size: 448.13095pt x 166.36931pt.


[4 <./figures/setup.pdf>]
LaTeX Font Info:    Trying to load font information for LGR+pplx on input line 37.
LaTeX Font Info:    No file LGRpplx.fd. on input line 37.


LaTeX Font Warning: Font shape `LGR/pplx/m/n' undefined
(Font)              using `LGR/cmr/m/n' instead
(Font)              for symbol `textmu' on input line 37.

(/cvmfs/sft.cern.ch/lcg/external/texlive/2025/texmf-dist/tex/latex/microtype/mt-cmr.cfg
File: mt-cmr.cfg 2013/05/19 v2.2 microtype config. file: Computer Modern Roman (RS)
)

Package siunitx Warning: Unit macro \bar has been deprecated in this release.
(siunitx)                
(siunitx)                The BIPM have removed this unit from the SI Brochure.
(siunitx)                You should define it yourself using \DeclareSIUnit in
(siunitx)                your source. The current definition is
(siunitx)                
(siunitx)                \DeclareSIUnit\bar{bar}



[5]) (./chapters/Theoretical Background.tex

[6]
chapter 3.


[7


]

[8]

LaTeX Warning: Reference `eq:t' on page 9 undefined on input line 190.



[9]

[10]
LaTeX Font Info:    Font shape `U/msa/m/n' will be
(Font)              scaled to size 9.37807pt on input line 338.
LaTeX Font Info:    Font shape `U/msa/m/n' will be
(Font)              scaled to size 7.29405pt on input line 338.
LaTeX Font Info:    Font shape `U/msa/m/n' will be
(Font)              scaled to size 5.21004pt on input line 338.
LaTeX Font Info:    Font shape `U/msb/m/n' will be
(Font)              scaled to size 9.37807pt on input line 338.
LaTeX Font Info:    Font shape `U/msb/m/n' will be
(Font)              scaled to size 7.29405pt on input line 338.
LaTeX Font Info:    Font shape `U/msb/m/n' will be
(Font)              scaled to size 5.21004pt on input line 338.


LaTeX Warning: Reference `fig:radcor_diagrams' on page 11 undefined on input line 363.

<figures/Processes_Mehran.pdf, id=276, 378.42131pt x 163.2111pt>
File: figures/Processes_Mehran.pdf Graphic file (type pdf)
<use figures/Processes_Mehran.pdf>
Package pdftex.def Info: figures/Processes_Mehran.pdf  used on input line 368.
(pdftex.def)             Requested size: 448.13095pt x 193.28224pt.


[11]) (./chapters/Simulation with McMule.tex

[12 <./figures/Processes_Mehran.pdf>]
chapter 4.
) (./chapters/Event Generation with McMule.tex

[13


]
chapter 5.
) (./chapters/Results.tex

[14


]
chapter 6.
LaTeX Font Info:    Font shape `U/msa/m/n' will be
(Font)              scaled to size 15.0049pt on input line 2.
LaTeX Font Info:    Font shape `U/msa/m/n' will be
(Font)              scaled to size 10.42007pt on input line 2.
LaTeX Font Info:    Font shape `U/msb/m/n' will be
(Font)              scaled to size 15.0049pt on input line 2.
LaTeX Font Info:    Font shape `U/msb/m/n' will be
(Font)              scaled to size 10.42007pt on input line 2.

Package hyperref Warning: Token not allowed in a PDF string (Unicode):
(hyperref)                removing `math shift' on input line 2.


Package hyperref Warning: Token not allowed in a PDF string (Unicode):
(hyperref)                removing `superscript' on input line 2.


Package hyperref Warning: Token not allowed in a PDF string (Unicode):
(hyperref)                removing `math shift' on input line 2.

) (./chapters/Discussion.tex

[15


]
chapter 7.
) (./chapters/Conclusion.tex

[16


]
chapter 8.
) (./pages/Acronyms.tex

[17


])

[18


]
chapter without number
Package microtype Info: Character `029' is missing
(microtype)             in font `T1/pplx/m/sc/10.95'.
(microtype)             Ignoring protrusion settings for this character.
Package microtype Info: Loading generic protrusion settings for font family
(microtype)             `cmtt' (encoding: T1).
(microtype)             For optimal results, create family-specific settings.
(microtype)             See the microtype manual for details.
No complaints by nag.


[19


] (./main.aux)
 ***********
LaTeX2e <2025-06-01> patch level 1
L3 programming layer <2020/03/25>
 ***********


LaTeX Font Warning: Some font shapes were not available, defaults substituted.


LaTeX Warning: There were undefined references.


LaTeX Warning: There were multiply-defined labels.

Package logreq Info: Writing requests to 'main.run.xml'.
\openout1 = `main.run.xml'.

 ) 
Here is how much of TeX's memory you used:
 69992 strings out of 467888
 1610033 string characters out of 5423126
 2800697 words of memory out of 5000000
 96965 multiletter control sequences out of 15000+600000
 716006 words of font info for 418 fonts, out of 8000000 for 9000
 1145 hyphenation exceptions out of 8191
 111i,9n,115p,10979b,2461s stack positions out of 10000i,1000n,20000p,200000b,200000s

pdfTeX warning (dest): name{Hfootnote.1} has been referenced but does not exist, replaced by a fixed one

</cvmfs/sft.cern.ch/lcg/external/texlive/2025/texmf-dist/fonts/type1/public/amsfonts/cm/cmex10.pfb></cvmfs/sft.cern.ch/lcg/external/texlive/2025/texmf-dist/fonts/type1/public/amsfonts/cm/cmr10.pfb></cvmfs/sft.cern.ch/lcg/external/texlive/2025/texmf-dist/fonts/type1/public/amsfonts/cm/cmsy10.pfb></cvmfs/sft.cern.ch/lcg/external/texlive/2025/texmf-dist/fonts/type1/public/mathpazo/fplmr.pfb></cvmfs/sft.cern.ch/lcg/external/texlive/2025/texmf-dist/fonts/type1/public/mathpazo/fplmri.pfb></cvmfs/sft.cern.ch/lcg/external/texlive/2025/texmf-dist/fonts/type1/public/fpl/fplrc8a.pfb></cvmfs/sft.cern.ch/lcg/external/texlive/2025/texmf-dist/fonts/type1/public/cbfonts/grmn1095.pfb></cvmfs/sft.cern.ch/lcg/external/texlive/2025/texmf-dist/fonts/type1/public/cm-super/sfsx1095.pfb></cvmfs/sft.cern.ch/lcg/external/texlive/2025/texmf-dist/fonts/type1/public/cm-super/sfsx1200.pfb></cvmfs/sft.cern.ch/lcg/external/texlive/2025/texmf-dist/fonts/type1/public/cm-super/sfsx1440.pfb></cvmfs/sft.cern.ch/lcg/external/texlive/2025/texmf-dist/fonts/type1/public/cm-super/sfsx2074.pfb></cvmfs/sft.cern.ch/lcg/external/texlive/2025/texmf-dist/fonts/type1/public/cm-super/sftt1095.pfb></cvmfs/sft.cern.ch/lcg/external/texlive/2025/texmf-dist/fonts/type1/urw/palatino/uplb8a.pfb></cvmfs/sft.cern.ch/lcg/external/texlive/2025/texmf-dist/fonts/type1/urw/palatino/uplr8a.pfb></cvmfs/sft.cern.ch/lcg/external/texlive/2025/texmf-dist/fonts/type1/urw/palatino/uplri8a.pfb>
Output written on main.pdf (24 pages, 1645983 bytes).
PDF statistics:
 518 PDF objects out of 1000 (max. 8388607)
 414 compressed objects within 5 object streams
 96 named destinations out of 1000 (max. 500000)
 113422 words of extra memory for PDF output out of 128383 (max. 10000000)

